$MeshFormat
4.1 0 8
$EndMeshFormat
$Entities
0 0 1 0
1 -0.9874255815028707 -0.9934450084752844 -0.9893446413815843 1.23068048251434 0.9939497471516376 0.991829679229534 0 0 
$EndEntities
$Nodes
1 1546 1 1546
2 1 0 1546
1
2
3
4
5
6
7
8
9
10
11
12
13
14
15
16
17
18
19
20
21
22
23
24
25
26
27
28
29
30
31
32
33
34
35
36
37
38
39
40
41
42
43
44
45
46
47
48
49
50
51
52
53
54
55
56
57
58
59
60
61
62
63
64
65
66
67
68
69
70
71
72
73
74
75
76
77
78
79
80
81
82
83
84
85
86
87
88
89
90
91
92
93
94
95
96
97
98
99
100
101
102
103
104
105
106
107
108
109
110
111
112
113
114
115
116
117
118
119
120
121
122
123
124
125
126
127
128
129
130
131
132
133
134
135
136
137
138
139
140
141
142
143
144
145
146
147
148
149
150
151
152
153
154
155
156
157
158
159
160
161
162
163
164
165
166
167
168
169
170
171
172
173
174
175
176
177
178
179
180
181
182
183
184
185
186
187
188
189
190
191
192
193
194
195
196
197
198
199
200
201
202
203
204
205
206
207
208
209
210
211
212
213
214
215
216
217
218
219
220
221
222
223
224
225
226
227
228
229
230
231
232
233
234
235
236
237
238
239
240
241
242
243
244
245
246
247
248
249
250
251
252
253
254
255
256
257
258
259
260
261
262
263
264
265
266
267
268
269
270
271
272
273
274
275
276
277
278
279
280
281
282
283
284
285
286
287
288
289
290
291
292
293
294
295
296
297
298
299
300
301
302
303
304
305
306
307
308
309
310
311
312
313
314
315
316
317
318
319
320
321
322
323
324
325
326
327
328
329
330
331
332
333
334
335
336
337
338
339
340
341
342
343
344
345
346
347
348
349
350
351
352
353
354
355
356
357
358
359
360
361
362
363
364
365
366
367
368
369
370
371
372
373
374
375
376
377
378
379
380
381
382
383
384
385
386
387
388
389
390
391
392
393
394
395
396
397
398
399
400
401
402
403
404
405
406
407
408
409
410
411
412
413
414
415
416
417
418
419
420
421
422
423
424
425
426
427
428
429
430
431
432
433
434
435
436
437
438
439
440
441
442
443
444
445
446
447
448
449
450
451
452
453
454
455
456
457
458
459
460
461
462
463
464
465
466
467
468
469
470
471
472
473
474
475
476
477
478
479
480
481
482
483
484
485
486
487
488
489
490
491
492
493
494
495
496
497
498
499
500
501
502
503
504
505
506
507
508
509
510
511
512
513
514
515
516
517
518
519
520
521
522
523
524
525
526
527
528
529
530
531
532
533
534
535
536
537
538
539
540
541
542
543
544
545
546
547
548
549
550
551
552
553
554
555
556
557
558
559
560
561
562
563
564
565
566
567
568
569
570
571
572
573
574
575
576
577
578
579
580
581
582
583
584
585
586
587
588
589
590
591
592
593
594
595
596
597
598
599
600
601
602
603
604
605
606
607
608
609
610
611
612
613
614
615
616
617
618
619
620
621
622
623
624
625
626
627
628
629
630
631
632
633
634
635
636
637
638
639
640
641
642
643
644
645
646
647
648
649
650
651
652
653
654
655
656
657
658
659
660
661
662
663
664
665
666
667
668
669
670
671
672
673
674
675
676
677
678
679
680
681
682
683
684
685
686
687
688
689
690
691
692
693
694
695
696
697
698
699
700
701
702
703
704
705
706
707
708
709
710
711
712
713
714
715
716
717
718
719
720
721
722
723
724
725
726
727
728
729
730
731
732
733
734
735
736
737
738
739
740
741
742
743
744
745
746
747
748
749
750
751
752
753
754
755
756
757
758
759
760
761
762
763
764
765
766
767
768
769
770
771
772
773
774
775
776
777
778
779
780
781
782
783
784
785
786
787
788
789
790
791
792
793
794
795
796
797
798
799
800
801
802
803
804
805
806
807
808
809
810
811
812
813
814
815
816
817
818
819
820
821
822
823
824
825
826
827
828
829
830
831
832
833
834
835
836
837
838
839
840
841
842
843
844
845
846
847
848
849
850
851
852
853
854
855
856
857
858
859
860
861
862
863
864
865
866
867
868
869
870
871
872
873
874
875
876
877
878
879
880
881
882
883
884
885
886
887
888
889
890
891
892
893
894
895
896
897
898
899
900
901
902
903
904
905
906
907
908
909
910
911
912
913
914
915
916
917
918
919
920
921
922
923
924
925
926
927
928
929
930
931
932
933
934
935
936
937
938
939
940
941
942
943
944
945
946
947
948
949
950
951
952
953
954
955
956
957
958
959
960
961
962
963
964
965
966
967
968
969
970
971
972
973
974
975
976
977
978
979
980
981
982
983
984
985
986
987
988
989
990
991
992
993
994
995
996
997
998
999
1000
1001
1002
1003
1004
1005
1006
1007
1008
1009
1010
1011
1012
1013
1014
1015
1016
1017
1018
1019
1020
1021
1022
1023
1024
1025
1026
1027
1028
1029
1030
1031
1032
1033
1034
1035
1036
1037
1038
1039
1040
1041
1042
1043
1044
1045
1046
1047
1048
1049
1050
1051
1052
1053
1054
1055
1056
1057
1058
1059
1060
1061
1062
1063
1064
1065
1066
1067
1068
1069
1070
1071
1072
1073
1074
1075
1076
1077
1078
1079
1080
1081
1082
1083
1084
1085
1086
1087
1088
1089
1090
1091
1092
1093
1094
1095
1096
1097
1098
1099
1100
1101
1102
1103
1104
1105
1106
1107
1108
1109
1110
1111
1112
1113
1114
1115
1116
1117
1118
1119
1120
1121
1122
1123
1124
1125
1126
1127
1128
1129
1130
1131
1132
1133
1134
1135
1136
1137
1138
1139
1140
1141
1142
1143
1144
1145
1146
1147
1148
1149
1150
1151
1152
1153
1154
1155
1156
1157
1158
1159
1160
1161
1162
1163
1164
1165
1166
1167
1168
1169
1170
1171
1172
1173
1174
1175
1176
1177
1178
1179
1180
1181
1182
1183
1184
1185
1186
1187
1188
1189
1190
1191
1192
1193
1194
1195
1196
1197
1198
1199
1200
1201
1202
1203
1204
1205
1206
1207
1208
1209
1210
1211
1212
1213
1214
1215
1216
1217
1218
1219
1220
1221
1222
1223
1224
1225
1226
1227
1228
1229
1230
1231
1232
1233
1234
1235
1236
1237
1238
1239
1240
1241
1242
1243
1244
1245
1246
1247
1248
1249
1250
1251
1252
1253
1254
1255
1256
1257
1258
1259
1260
1261
1262
1263
1264
1265
1266
1267
1268
1269
1270
1271
1272
1273
1274
1275
1276
1277
1278
1279
1280
1281
1282
1283
1284
1285
1286
1287
1288
1289
1290
1291
1292
1293
1294
1295
1296
1297
1298
1299
1300
1301
1302
1303
1304
1305
1306
1307
1308
1309
1310
1311
1312
1313
1314
1315
1316
1317
1318
1319
1320
1321
1322
1323
1324
1325
1326
1327
1328
1329
1330
1331
1332
1333
1334
1335
1336
1337
1338
1339
1340
1341
1342
1343
1344
1345
1346
1347
1348
1349
1350
1351
1352
1353
1354
1355
1356
1357
1358
1359
1360
1361
1362
1363
1364
1365
1366
1367
1368
1369
1370
1371
1372
1373
1374
1375
1376
1377
1378
1379
1380
1381
1382
1383
1384
1385
1386
1387
1388
1389
1390
1391
1392
1393
1394
1395
1396
1397
1398
1399
1400
1401
1402
1403
1404
1405
1406
1407
1408
1409
1410
1411
1412
1413
1414
1415
1416
1417
1418
1419
1420
1421
1422
1423
1424
1425
1426
1427
1428
1429
1430
1431
1432
1433
1434
1435
1436
1437
1438
1439
1440
1441
1442
1443
1444
1445
1446
1447
1448
1449
1450
1451
1452
1453
1454
1455
1456
1457
1458
1459
1460
1461
1462
1463
1464
1465
1466
1467
1468
1469
1470
1471
1472
1473
1474
1475
1476
1477
1478
1479
1480
1481
1482
1483
1484
1485
1486
1487
1488
1489
1490
1491
1492
1493
1494
1495
1496
1497
1498
1499
1500
1501
1502
1503
1504
1505
1506
1507
1508
1509
1510
1511
1512
1513
1514
1515
1516
1517
1518
1519
1520
1521
1522
1523
1524
1525
1526
1527
1528
1529
1530
1531
1532
1533
1534
1535
1536
1537
1538
1539
1540
1541
1542
1543
1544
1545
1546
0.6419580693680451 -0.358617749552842 -0.9112745200882676
0.7252999999999998 -0.3726165781450851 -0.9159176630713313
0.8378999999999999 -0.3784861039449354 -0.9194041893573125
0.9504999999999999 -0.3685348660811969 -0.9175103252818944
1.023742355430842 -0.3545360374889538 -0.9123572119062833
0.5297877164206786 -0.2616614355680565 -0.9124983799287463
0.607734841620827 -0.2947568613408339 -0.9195208976125927
0.7252999999999998 -0.2881 -0.9364214819410425
0.8378999999999999 -0.2881 -0.9457046192729688
0.9504999999999999 -0.2881 -0.9453448424850555
1.062005413258505 -0.2890798671582585 -0.9271223424744236
1.136081110367862 -0.2521997785970975 -0.9171580800121087
0.436787434597443 -0.1366165257083974 -0.9090049867035971
0.495392629852407 -0.1746899154250385 -0.9168232467798757
0.6126999999999998 -0.1755000000000001 -0.9381780883378873
0.7252999999999998 -0.1755000000000001 -0.955709166176131
0.8378999999999999 -0.1755000000000001 -0.9687096075508174
0.9504999999999999 -0.1755000000000001 -0.9738659649241365
1.0631 -0.1755000000000001 -0.9635024670451694
1.1584437236933 -0.1755000000000001 -0.9302397133864597
0.4292188955728118 -0.06290000000000007 -0.9107372207439042
0.5000999999999998 -0.06290000000000007 -0.9252896061727045
0.6126999999999998 -0.06290000000000007 -0.9467192260370982
0.7252999999999998 -0.06290000000000007 -0.9656275956878763
0.8378999999999999 -0.06290000000000007 -0.9805396101509881
0.9504999999999999 -0.06290000000000007 -0.9885325645563128
1.0631 -0.06290000000000007 -0.9828358630935957
1.185666312733922 -0.06691359814776265 -0.937079368740719
0.4283664029898504 0.04969999999999986 -0.9109323332572319
0.5000999999999998 0.04969999999999986 -0.9257049254148821
0.6126999999999998 0.04969999999999986 -0.9471921413795042
0.7252999999999998 0.04969999999999986 -0.9661767704762783
0.8378999999999999 0.04969999999999986 -0.9811946270734808
0.9504999999999999 0.04969999999999986 -0.9893446413815843
1.0631 0.04969999999999986 -0.9839063363647335
1.186510033155428 0.05777016747473374 -0.9375729264955293
0.4356507778201615 0.1278856454825861 -0.9092651367213673
0.4935535503028621 0.1641713872895516 -0.9175078329397778
0.6126999999999998 0.1622999999999999 -0.9395968343651052
0.7252999999999998 0.1622999999999999 -0.957356690541337
0.8378999999999999 0.1622999999999999 -0.9706746583182955
0.9504999999999999 0.1622999999999999 -0.9763021953999511
1.0631 0.1622999999999999 -0.9667138868585825
1.161607675273947 0.1622999999999999 -0.9320905549669984
0.5267225838381038 0.2534998166138851 -0.9130855978723461
0.6035018143706714 0.2845798899683312 -0.9208840628329769
0.7252999999999998 0.2748999999999999 -0.9391673558830526
0.8378999999999999 0.2748999999999999 -0.9489797038854322
0.9504999999999999 0.2748999999999999 -0.949405226611413
1.065725472105875 0.2786303009395934 -0.9299235622945434
1.138893511772883 0.2435838348993224 -0.9188032725281432
0.6349030239511191 0.349737734827932 -0.9122853545424917
0.7252999999999998 0.3661312590006081 -0.9175651874365373
0.8378999999999999 0.3722007273567369 -0.9213692401247905
0.9504999999999999 0.3619105053902854 -0.9199465557577089
1.029942453509792 0.3455169812176095 -0.9141713162167825
0.4379717866948483 -0.5718739906051122 -0.7958668675854064
0.5000999999999998 -0.5789300435462688 -0.7997774434167447
0.6126999999999998 -0.5857039472880805 -0.8045594791804795
0.7252999999999998 -0.5823494279591142 -0.8039030412445932
0.7988822749318876 -0.5752933750179576 -0.7994944730557383
0.298904542810946 -0.4794493405125132 -0.8023525055268006
0.395263072016909 -0.515509604307508 -0.809276504718306
0.5000999999999998 -0.5133000000000001 -0.8282339395582069
0.6126999999999998 -0.5133000000000001 -0.8421649787050152
0.7252999999999998 -0.5133000000000001 -0.8472393901379731
0.8370093649591324 -0.5196790816190218 -0.8316185617853444
0.9504999999999999 -0.4836147080919728 -0.8209834525839873
1.014043678462145 -0.4630878080909275 -0.8031164661209194
0.1905418447926563 -0.3772692178281499 -0.8024688880524296
0.2667827256865676 -0.40916153069689 -0.8143786473429844
0.3875 -0.4007000000000001 -0.8452388653625795
0.5000999999999998 -0.4007000000000001 -0.8700415650995896
0.607734841620827 -0.3979706497317052 -0.8912835578585754
0.7252999999999998 -0.4289165781450851 -0.8944363488933799
0.8378999999999999 -0.4347861039449353 -0.8936023474398769
0.9504999999999999 -0.4248348660811969 -0.8772834525839873
1.056426350279827 -0.3894631224726274 -0.8418503512471156
1.123026632952027 -0.3493235407896343 -0.8055175697066452
0.09506260993726179 -0.2538952378192978 -0.7981343887850881
0.1567251068755939 -0.2900971426915787 -0.8097810673437285
0.2748999999999999 -0.2881 -0.8424554939012887
0.3875 -0.2881 -0.8724812834460927
0.495392629852407 -0.2947568613408339 -0.8982002239474656
0.5668914027013785 -0.336728102234723 -0.9054652637315781
1.098809022097508 -0.3272664452637641 -0.8805842363733118
1.145687272755052 -0.2890798671582585 -0.8462705418239871
0.08110548665595263 -0.1755000000000001 -0.8023893778706321
0.1622999999999999 -0.1755000000000001 -0.8262137291857252
0.2748999999999999 -0.1755000000000001 -0.8586076877418152
0.3945524607584658 -0.1746899154250385 -0.8927588379223413
0.4547210497540117 -0.2116831923750641 -0.9047536146349393
1.202781887907061 -0.1755000000000001 -0.8511
0.06957476702754395 -0.06290000000000007 -0.8059046499778185
0.1622999999999999 -0.06290000000000007 -0.8336365854168565
0.2748999999999999 -0.06290000000000007 -0.8669137339272801
0.3729188955728118 -0.06290000000000007 -0.8954817984882422
1.228942771677266 -0.09768707354805539 -0.8511
0.06893632114207837 0.04969999999999986 -0.8060992875273776
0.1622999999999999 0.04969999999999986 -0.8340475824900567
0.2748999999999999 0.04969999999999986 -0.8673736324576834
0.3720664029898504 0.04969999999999986 -0.8957253374950042
1.23068048251434 0.09372629630126084 -0.8511
0.07919014899955568 0.1622999999999999 -0.8029732905193091
0.1622999999999999 0.1622999999999999 -0.827446720405326
0.2748999999999999 0.1622999999999999 -0.8599873833330249
0.3938704666920969 0.1641713872895516 -0.8937889767205555
0.4516559171714372 0.2029523121492529 -0.9054963566049149
1.207995020418285 0.1622999999999999 -0.8511
0.0933600875760201 0.2453607057684237 -0.7986534222505788
0.1548252802347321 0.2796964234610542 -0.8109579255175878
0.2748999999999999 0.2748999999999999 -0.8447549865533051
0.3875 0.2748999999999999 -0.8750916196736069
0.4935535503028621 0.2845798899683312 -0.9000949561941676
0.5598363572844525 0.3285664832805517 -0.9067662958844758
1.105009120176458 0.3186505015659893 -0.8886586641802257
1.150106954838833 0.2786303009395934 -0.8511151985081353
0.1950012947577233 0.3875 -0.801250025931781
0.2748999999999999 0.3875 -0.8216764421185234
0.3875 0.3875 -0.8488933360810996
0.5000999999999998 0.3875 -0.8742680690383465
0.6035018143706714 0.3873626408967592 -0.8943556556216425
0.7252999999999998 0.4224312590006081 -0.8979577177690004
0.8378999999999999 0.4285007273567369 -0.89817986858738
0.9504999999999999 0.4182105053902854 -0.8838585805272554
1.061823330636865 0.3803552856123398 -0.848524671640654
1.125758874192795 0.3401269233404036 -0.8135919975135589
0.2183595926190773 0.4440256527036053 -0.7948657084287135
0.2748999999999999 0.4642226985635063 -0.8014878164936836
0.389176760991641 0.5050427672286417 -0.8120612328588787
0.5000999999999998 0.5000999999999998 -0.8336680160508944
0.6126999999999998 0.5000999999999998 -0.8486097619056266
0.7252999999999998 0.5000999999999998 -0.8551624701081191
0.8442177584949739 0.5093222967307416 -0.8372386316427044
0.9504999999999999 0.4770612870698052 -0.8275585805272554
1.01863754109727 0.4540112215418377 -0.8083906791010826
0.4278279349860685 0.5627660693973227 -0.7977237225103454
0.5000999999999998 0.5719956818273373 -0.8027963748015712
0.6126999999999998 0.5789155224540714 -0.8081399142919304
0.7252999999999998 0.5754887334088616 -0.8083047523391188
0.8108962641582902 0.5662591209788472 -0.802757894621334
0.214037299969863 -0.6840726336641874 -0.6833281578932073
0.2748999999999999 -0.6922702721564029 -0.6890862476961032
0.3875 -0.702500850480032 -0.6978598202620336
0.5000999999999998 -0.7041472988104314 -0.7022963795859681
0.6126999999999998 -0.6972096171476014 -0.6988647374728891
0.6867964190187954 -0.6884631625452526 -0.6904507318303428
0.07352725239302838 -0.5911670531496018 -0.6918963877271238
0.1708223799819177 -0.627580231889761 -0.7008700879124853
0.2748999999999999 -0.6259000000000001 -0.7269747478450557
0.395263072016909 -0.6160043943630673 -0.7579032957885024
0.5000999999999998 -0.6352300435462687 -0.758596379585968
0.6126999999999998 -0.6420039472880805 -0.7551647374728891
0.7247178514112771 -0.6424421245059739 -0.7321904390982057
0.8370093649591324 -0.5948184553638708 -0.7387704420871823
0.9032313607982592 -0.5765997470240227 -0.7014174034786372
-0.03908588521748946 -0.4904350097506378 -0.6932122793931197
0.04147635143581696 -0.5221010058503828 -0.7087463928301114
0.1622999999999999 -0.5133000000000001 -0.7493495340525334
0.2667827256865676 -0.515509604307508 -0.7791560416266624
0.3629051200281816 -0.5545160071791799 -0.7874923992981258
0.8739489415985544 -0.5614651360317029 -0.776484070145304
0.9446588164789556 -0.5296899933081808 -0.7387704420871823
1.019058215972771 -0.4695136396114488 -0.7385
-0.1385058461280639 -0.3752786018891998 -0.6893737440564063
-0.07113153113049375 -0.4079671611335199 -0.7055091639271754
0.04969999999999986 -0.4007000000000001 -0.7493614960791839
0.1567251068755939 -0.40916153069689 -0.7835695208775157
0.2238378761442794 -0.4523358844948167 -0.7932754025125007
1.082204339001506 -0.3923941244737806 -0.7384479927427019
1.123026632952027 -0.3493235407896343 -0.7759466545711697
-0.1608129351886078 -0.2881 -0.6976627020488344
-0.06290000000000007 -0.2881 -0.7338604433571945
0.05439756596235701 -0.2900971426915787 -0.7768012798587381
0.1154751781259897 -0.3289619044859645 -0.79160514468675
1.116129610372149 -0.3376151259458607 -0.7008799879045031
1.143161578552931 -0.2952890755675165 -0.7384479927427019
-0.2393893010809917 -0.1517841275346764 -0.6852239413142838
-0.1859468404740481 -0.1837904765208058 -0.7024376664568351
-0.06290000000000007 -0.1755000000000001 -0.7498007406108371
0.02480548665595261 -0.1755000000000001 -0.7830716135255061
1.189400828698463 -0.1755000000000001 -0.7385
-0.2455338420337684 -0.06290000000000007 -0.6876722209445317
-0.1755000000000001 -0.06290000000000007 -0.7145922792824529
-0.06290000000000007 -0.06290000000000007 -0.7579978218560235
0.01327476702754393 -0.06290000000000007 -0.7873777635181023
1.213896453928159 -0.06419606069068173 -0.7468451887772569
-0.2460269827880148 0.04969999999999986 -0.6878687118578067
-0.1755000000000001 0.04969999999999986 -0.7150042076644116
-0.06290000000000007 0.04969999999999986 -0.7584516870927536
0.01263632114207835 0.04969999999999986 -0.7876161912861487
1.214861405171569 0.05433086956627498 -0.7468451887772569
-0.2381068434016307 0.1622999999999999 -0.6847129487052077
-0.1755000000000001 0.1622999999999999 -0.7083883881965898
-0.06290000000000007 0.1622999999999999 -0.7511623363210275
0.02289014899955566 0.1622999999999999 -0.7837868968296454
1.19301939586125 0.1622999999999999 -0.7385
-0.231962302448854 0.2190448686152626 -0.6822646690749599
-0.1772149827853754 0.2639069211691576 -0.695470712958778
-0.06290000000000007 0.2748999999999999 -0.7361297695408451
0.05337605254561217 0.2796964234610542 -0.778395577435695
0.1123088003912203 0.3204273724350903 -0.7926727888613684
1.118616329699516 0.3294960996180518 -0.6866762102990718
1.146730825784213 0.2851376597708311 -0.7299257261794431
-0.1408249713089589 0.3669661310374255 -0.690235493931141
-0.07338226577429741 0.3976996786224551 -0.7073614093530763
0.04969999999999986 0.3875 -0.7528988677610911
0.1387012947577233 0.3875 -0.7837737265181014
1.088442063640895 0.3815961540042423 -0.7299257261794431
1.125758874192795 0.3401269233404036 -0.7617428769657384
-0.03430811719696003 0.5000999999999998 -0.6915926801128371
0.04969999999999986 0.5000999999999998 -0.7189186609985282
0.1734157555714462 0.4889753916221631 -0.7624886372492994
0.2748999999999999 0.5205226985635063 -0.7796576304603251
0.3527612683194017 0.5458712787144031 -0.7898304197125224
0.885962930824957 0.553003827884569 -0.7873500396953279
0.9477227420984051 0.5243527165868611 -0.7452900238171967
1.024990332276481 0.4625880248201493 -0.7385
-0.007307046638784565 0.5570096466541574 -0.6824396793277491
0.04969999999999986 0.5764133210437465 -0.6909866055094276
0.1649378448610632 0.6170848688425026 -0.7046052144881156
0.2748999999999999 0.6126999999999998 -0.7341668345300754
0.389176760991641 0.6052596416383935 -0.7629862884102749
0.5000999999999998 0.6282956818273373 -0.7641594580639784
0.6126999999999998 0.6352155224540714 -0.7622087747821138
0.7315803458880663 0.6371186514253127 -0.7353720118379459
0.8442177584949739 0.5894393197523202 -0.7452900238171967
0.9083379034973422 0.5675936374446477 -0.7122833730286613
0.2042297414351057 0.6750052115827967 -0.6857531418941274
0.2748999999999999 0.6854012904832532 -0.6930092040697502
0.3875 0.6958180588439316 -0.7024600457284518
0.5000999999999998 0.6974944714897333 -0.7078594580639785
0.6126999999999998 0.6904305284206584 -0.7059087747821138
0.6982339098134438 0.6794756453049344 -0.6957533530632432
0.1850436328409912 -0.801192866837797 -0.5760267106929433
0.2748999999999999 -0.806027965635617 -0.5821792280067792
0.3875 -0.8055810689231272 -0.5839118602856326
0.4718880531857959 -0.8005970045544775 -0.578336887064748
-0.1236467830493623 -0.6852103496497166 -0.5713512289660767
-0.06290000000000007 -0.7014802341617786 -0.5820528415546193
0.04969999999999986 -0.7267175885395715 -0.6013001189196413
0.1620071330720938 -0.7389997279088139 -0.6240538214061914
0.2748999999999999 -0.7485702721564029 -0.6384792280067791
0.3875 -0.7588008504800319 -0.6402118602856326
0.5056928319114775 -0.7659698753773763 -0.6198821322388488
0.6126999999999998 -0.7391520276776943 -0.6259000000000001
0.7247178514112771 -0.6984978854859585 -0.6154630525751414
0.7819789803208437 -0.6824634931062727 -0.5709717542919023
-0.2431472402452024 -0.5807051058384975 -0.5745280659393779
-0.1669080698296175 -0.6213030635030986 -0.5857615313469312
-0.06290000000000007 -0.6259000000000001 -0.623997216805777
0.04147635143581696 -0.627580231889761 -0.6614016409329808
0.1389706333031964 -0.6662337198162684 -0.6720809321194394
0.761863085685462 -0.6740043035644712 -0.646038420958569
0.8268673881925062 -0.6406747298875097 -0.6154630525751414
0.9062625781182869 -0.5801401846860339 -0.6259000000000001
-0.348848386656867 -0.4632842813279739 -0.5716792576227216
-0.2836483441471215 -0.5058105687967843 -0.5849569800158283
-0.1755000000000001 -0.5133000000000001 -0.6290038400806743
-0.07113153113049375 -0.5221010058503828 -0.6694551924196119
-0.001539414273638462 -0.5655016764173044 -0.6803359096621129
0.9625625781182867 -0.5215150121663524 -0.6259000000000001
1.013811157211112 -0.4652150121663524 -0.6259000000000001
-0.3666277007767305 -0.4007000000000001 -0.5799896355781584
-0.2881 -0.4007000000000001 -0.6158684593930221
-0.1758235076768384 -0.4079671611335199 -0.6646027512705768
-0.1141525518841561 -0.4503452685558665 -0.680099487031143
1.054964647651222 -0.4007000000000001 -0.6259000000000001
-0.4592221630690317 -0.2382616596100278 -0.5707000216526745
-0.4045531286272642 -0.2807169957660167 -0.5885704077739511
-0.2881 -0.2881 -0.6421142117544465
-0.2171129351886079 -0.2881 -0.6755262182765136
1.105911356968851 -0.2952890755675165 -0.6182450048421473
1.131871620030996 -0.2625484592791941 -0.6506750080702455
-0.4662304208966059 -0.1755000000000001 -0.5741692699114066
-0.4007000000000001 -0.1755000000000001 -0.6054693405123583
-0.281393580648595 -0.1837904765208058 -0.6618305579286499
-0.2304447341234133 -0.2268507942013431 -0.6815841690798141
1.117114274361272 -0.2221796889362724 -0.5756083414035789
1.143382961050864 -0.1809878133617635 -0.6182450048421473
-0.4742411720548115 -0.06290000000000007 -0.5781347753466369
-0.4007000000000001 -0.06290000000000007 -0.6137606422938521
-0.3018338420337684 -0.06290000000000007 -0.6615258669472153
1.165222787154074 -0.06290000000000007 -0.6259000000000001
-0.4746847203571953 0.04969999999999986 -0.5783543419227487
-0.4007000000000001 0.04969999999999986 -0.6142197244394718
-0.3023269827880148 0.04969999999999986 -0.6617653825167231
1.166182423916697 0.04969999999999986 -0.6259000000000001
-0.4675610658037576 0.1622999999999999 -0.5748279696397418
-0.4007000000000001 0.1622999999999999 -0.6068465869492172
-0.2944068434016308 0.1622999999999999 -0.6579186173094754
1.11845573806648 0.214302497894737 -0.5720821212025028
1.144987676451474 0.1709814987368421 -0.6161292727215018
-0.4604049585420554 0.2289764428288432 -0.5712855325223059
-0.4057829420205072 0.2698658656973059 -0.5898797765737613
-0.2769373814693125 0.2639069211691576 -0.6520912145782779
-0.2158916379756256 0.2941115352819292 -0.6749712625298335
1.109415584123083 0.2851376597708311 -0.6161292727215018
1.133266630015183 0.2544294329513852 -0.6471487878691695
-0.3702146565070228 0.3875 -0.5816662445647136
-0.2881 0.3875 -0.6193892310512621
-0.1772149827853754 0.3976996786224551 -0.6670147324046778
-0.1179037762904956 0.4420327977040919 -0.6816605720257317
1.062837748700285 0.3875 -0.6259000000000001
-0.3515813053085183 0.4542128806351708 -0.5729566739934302
-0.286074814101549 0.4950877283811026 -0.5876202828719863
-0.1755000000000001 0.5000999999999998 -0.6340092373012089
-0.09060811719696005 0.5000999999999998 -0.6703013892062988
0.9693601118003106 0.5144759363027167 -0.6259000000000001
1.018310072096291 0.4581759363027167 -0.6259000000000001
-0.2471913568359149 0.5717874420504578 -0.5762844113409824
-0.1704756362554359 0.6106724652302746 -0.5893911288289655
-0.05206422798327082 0.6018057879924945 -0.6409124760873564
0.04969999999999986 0.6327133210437466 -0.661833231347096
0.1291630747684389 0.6575414480708379 -0.6750909850244942
0.7733005764801106 0.6654794411637055 -0.6669939624791436
0.8303410734854808 0.6353131800825729 -0.6280363774874862
0.9130601118003105 0.5732318942304366 -0.6259000000000001
-0.1295927270923931 0.6761636332776997 -0.57369285645796
-0.06290000000000007 0.6947788679559816 -0.5857846349221953
0.05479447169108353 0.7303649143981654 -0.6000618475163415
0.1649378448610632 0.7176431269496779 -0.6409237156289741
0.2748999999999999 0.7417012904832532 -0.6452374909967636
0.3875 0.7521180588439313 -0.6485038171919807
0.5000999999999998 0.7537944714897333 -0.6402602802084345
0.6052053246816764 0.7462507557190023 -0.6172013010349608
0.7315803458880663 0.6929717915778026 -0.6280363774874862
0.7877684558091353 0.6733667856872774 -0.5919272958124768
0.09572411948513926 0.7849694213633081 -0.5724587707311077
0.1622999999999999 0.7921015101378128 -0.579636405767847
0.2748999999999999 0.7992133686030236 -0.5889374909967636
0.3875 0.798759431627251 -0.5922038171919807
0.5000999999999998 0.7907396992104947 -0.5839602802084345
0.5626755411361277 0.7837589227612469 -0.5738688350582681
-0.1416742849159661 -0.8049491821562292 -0.4664984308425859
-0.06290000000000007 -0.8190118291032193 -0.4819216880438476
0.04969999999999986 -0.833263713370638 -0.5022347754463423
0.1534261797045948 -0.8348494342605914 -0.5239895284275474
0.2748999999999999 -0.8506500827190971 -0.5133000000000001
0.3875 -0.842109705452031 -0.5133000000000001
0.5056928319114775 -0.8150675635596163 -0.5199479024189333
0.5723515359208386 -0.8023690797005836 -0.4868465040315554
-0.3497782124157915 -0.686639111712706 -0.4598741739395703
-0.2881 -0.7078012733239675 -0.4752022089526967
-0.1701938673159976 -0.7360864678511503 -0.5099802677533055
-0.06290000000000007 -0.7577802341617786 -0.5382216880438475
0.04969999999999986 -0.7830175885395715 -0.5585347754463423
0.1099769661743248 -0.7939268221534403 -0.5686492140459123
0.5469547198524627 -0.7925533938817184 -0.5619131706982221
0.6110109215525032 -0.7762326849845347 -0.5199479024189333
0.7361166766254688 -0.7101787445192673 -0.5169544746920514
0.7819789803208437 -0.6824634931062727 -0.5569241244867522
-0.4623894577617177 -0.5758182321987004 -0.4600982369291398
-0.392666927449475 -0.6183709393192203 -0.4746657124330587
-0.2836483441471215 -0.6213030635030986 -0.5306840330739899
-0.198713449716029 -0.6557717725051644 -0.5534621046640251
0.7808611277091146 -0.6815903317886245 -0.4818574578200855
0.8376921782836158 -0.6291220821729901 -0.5088707023135106
0.9012520766927898 -0.5766538325573559 -0.5358839468069359
-0.4850930698508894 -0.5133000000000001 -0.4731498596543762
-0.3921090319941203 -0.5058105687967843 -0.5290421536353336
-0.318213906911869 -0.5383509479946407 -0.5555371098530544
0.8934053762463878 -0.5686261857260213 -0.4608172801402691
0.9479108756439694 -0.5129912452784102 -0.5148377263113393
1.007047600113267 -0.457356304830799 -0.5688581724824094
-0.5828887838937213 -0.3720835514512102 -0.465086363867976
-0.521280781223681 -0.4060501308707262 -0.4911571163606694
-0.4229277007767305 -0.4007000000000001 -0.5499316225498547
0.9945696745951484 -0.43436303202687 -0.4937915058157427
1.023506012263453 -0.3983778192161219 -0.5241149034894457
-0.5992486891266117 -0.2881 -0.4750415371642517
-0.503373297841419 -0.2807169957660167 -0.5347175822052681
-0.4446552143787736 -0.3133283262766945 -0.562473920789778
1.068666767975377 -0.2881 -0.5133000000000001
-0.6148825383435619 -0.1755000000000001 -0.4845548977874958
-0.522530420896606 -0.1755000000000001 -0.5408548977874958
1.10118993906034 -0.1809878133617635 -0.5164436131169368
1.125154715771836 -0.1471130222696058 -0.5560726885282279
-0.6229220328502938 -0.06290000000000007 -0.489447014208077
-0.5305411720548114 -0.06290000000000007 -0.545747014208077
1.106207676080859 -0.06290000000000007 -0.4881196217196062
1.130112100503737 -0.06290000000000007 -0.5444196217196062
-0.6233671726468075 0.04969999999999986 -0.4897178864259951
-0.5309847203571954 0.04969999999999986 -0.546017886425995
1.106642653622588 0.04969999999999986 -0.4870935449921003
1.13054860852229 0.04969999999999986 -0.5433935449921004
-0.6162179577331031 0.1622999999999999 -0.4853675144412501
-0.5238610658037576 0.1622999999999999 -0.5416675144412502
1.103038763383616 0.1709814987368421 -0.5156227517349321
1.12573672646324 0.1392358312280702 -0.5547045862248869
-0.6014743881091802 0.2748999999999999 -0.4763958982538421
-0.5040829751252333 0.2698658656973059 -0.5365109860096853
-0.4467049033675121 0.3040431094955098 -0.5636571123443528
1.073356900131289 0.2748999999999999 -0.5133000000000001
-0.584669343079776 0.3636622427522578 -0.4661698527396483
-0.5229273333895084 0.3957173456513547 -0.4934636778600774
-0.4265146565070228 0.3875 -0.5520022077703606
0.9972417669944038 0.4255061340210753 -0.4857532648210752
1.027367032144541 0.3877836804126451 -0.5192919588926451
-0.4897239978172787 0.5000999999999998 -0.4758120406521692
-0.393748783185111 0.4950877283811026 -0.532475001584509
-0.3222580235025816 0.5292795473018377 -0.557708948437956
0.9642300880889061 0.4914370621111566 -0.5192919588926451
1.009730527523683 0.4481284368519276 -0.5608199314877419
-0.4658197747738579 0.5667952856751535 -0.462070222853431
-0.3955929990204234 0.6076771714050921 -0.4787157309197037
-0.286074814101549 0.6106724652302746 -0.5352909330293842
-0.2046593937590598 0.6468541087171247 -0.5563622263695656
0.8456155770696956 0.6235571098386026 -0.5133000000000001
0.9044562848653299 0.5672571098386026 -0.5133000000000001
-0.3546549983673722 0.6776183979040855 -0.4624803802414524
-0.2881 0.7012149460219907 -0.4793319549582634
-0.177678468091588 0.7272825817014674 -0.5133371031205146
-0.06290000000000007 0.7510788679559817 -0.5443585077267126
0.02065745281847287 0.7712748573302757 -0.5601660304308196
0.6358109505050125 0.7668564542811414 -0.5133000000000001
0.7252999999999998 0.7165108300485643 -0.5133000000000001
0.789315577069696 0.6749543757674228 -0.5133000000000001
-0.1506975424241164 0.7960480832237338 -0.4703119798714639
-0.06290000000000007 0.8124017755695787 -0.4880585077267127
0.05479447169108353 0.8198441962716185 -0.5188996182584918
0.1622999999999999 0.844290297761336 -0.5133000000000001
0.2748999999999999 0.8507469690920439 -0.5133000000000001
0.3875 0.8420720495407847 -0.5133000000000001
0.5000999999999998 0.8182655391075588 -0.5133000000000001
0.5795109505050124 0.792089693085227 -0.5133000000000001
-0.1200271453455308 -0.9076524362794353 -0.3447877227257017
-0.06290000000000007 -0.9130806620812884 -0.3545418228365326
0.04969999999999986 -0.9203955936658064 -0.3704309436398138
0.1622999999999999 -0.9211323577708184 -0.3774051419291918
0.2748999999999999 -0.9152909543963241 -0.367238571625606
0.3391462574438191 -0.9096171405594671 -0.3524177900586289
-0.3557297735007345 -0.8017130302962735 -0.3516825436496478
-0.2881 -0.8186214603592263 -0.3719633060828151
-0.1683840484640818 -0.8498323828361287 -0.3968614602599038
-0.06290000000000007 -0.8753118291032194 -0.4108418228365326
0.04969999999999986 -0.889563713370638 -0.4267309436398138
0.1622999999999999 -0.8963671426973916 -0.4337051419291917
0.2748999999999999 -0.8957221170834802 -0.4235385716256059
0.3810077544662913 -0.8859744294222712 -0.3942506740351774
0.5000999999999998 -0.8454478241540214 -0.4007000000000001
0.5830428769798219 -0.8089985326468616 -0.4007000000000001
-0.4793299678821384 -0.701307055346186 -0.3601106392354457
-0.3902873262915963 -0.7315064168627793 -0.39342992477588
-0.2881 -0.7641012733239674 -0.4282633060828152
-0.2167409515826327 -0.786962586052584 -0.4489351977941057
0.639342876979822 -0.7769359109949139 -0.4007000000000001
0.7198911857438119 -0.7206359109949139 -0.4007000000000001
-0.5882497275132131 -0.5917839495039011 -0.3584480201825671
-0.5083930461552614 -0.6213344241846341 -0.3968126630423396
-0.4248448790824583 -0.6508848988653672 -0.4351773059021122
0.776191185743812 -0.6770370976254096 -0.4007000000000001
0.8295544904818506 -0.6207370976254096 -0.4007000000000001
-0.6882748243368965 -0.4671437774189721 -0.3492272423810543
-0.6258298365079279 -0.5081262664513833 -0.3758492585221956
-0.5413930698508894 -0.5133000000000001 -0.4363911413669538
0.8858544904818506 -0.558010186124574 -0.4007000000000001
0.9238460369118866 -0.501710186124574 -0.4007000000000001
-0.7044723759299347 -0.4007000000000001 -0.3620983153838292
-0.6226132703362328 -0.4060501308707262 -0.4237227532910862
-0.5641346353728016 -0.4471502181178769 -0.4530068349733715
0.9823391763665756 -0.3983778192161219 -0.3989337605946773
1.013787376777824 -0.3592963653602033 -0.4352896009911289
-0.7270945472193223 -0.2881 -0.3800745889258215
-0.6555486891266116 -0.2881 -0.4363745889258215
1.001570578061776 -0.3293000461500354 -0.3602229343244623
1.026885573363498 -0.2903000276900212 -0.3989337605946773
-0.8004476749643231 -0.1504057810284428 -0.3490854080505087
-0.748982631633648 -0.1829634686170656 -0.3854301266725507
-0.6711825383435619 -0.1755000000000001 -0.4484736023028069
1.057546779957744 -0.1755000000000001 -0.4007000000000001
-0.8050974526932814 -0.06290000000000007 -0.3529429434331152
-0.7385 -0.06290000000000007 -0.4069382989479008
-0.6792220328502939 -0.06290000000000007 -0.4546953555147857
1.072508127838265 -0.06290000000000007 -0.4007000000000001
-0.8054806388817983 0.04969999999999986 -0.3532608412696342
-0.7385 0.04969999999999986 -0.4076006898313917
-0.6796671726468075 0.04969999999999986 -0.4550398485617576
1.073336524616884 0.04969999999999986 -0.4007000000000001
-0.8009585898823457 0.1427963929173854 -0.3495092718325341
-0.7496762731226605 0.1731178357504313 -0.3865112282544987
-0.672517957733103 0.1622999999999999 -0.4495070814437229
1.060031970293602 0.1622999999999999 -0.4007000000000001
-0.7292621768724867 0.2748999999999999 -0.3817970541606813
-0.6577743881091801 0.2748999999999999 -0.4380970541606813
1.003357259509909 0.3207817508032926 -0.3548168792104363
1.02925495430944 0.2799090504819755 -0.3956901275262618
-0.7075070574443647 0.3875 -0.3645097667126331
-0.6236816058478656 0.3957173456513547 -0.4268549364709668
-0.5668788889825138 0.4387289094189246 -0.4550118718347673
0.9864437858335138 0.3877836804126451 -0.3956901275262618
1.015527286944743 0.3504394673544089 -0.4298835458771029
-0.690586962633605 0.458174247048907 -0.3510645386315716
-0.6278262063148305 0.4974645482293441 -0.3796584360353903
-0.5460239978172787 0.5000999999999998 -0.4397746410705593
0.8873112359156563 0.5464919621085615 -0.3712275561560217
0.9225491106779891 0.505415177265137 -0.405536533693613
-0.5915770105247176 0.5831049681646674 -0.3609543162593118
-0.5124603067029849 0.6124834602532436 -0.3997206735872959
-0.4297216650340389 0.6418619523418203 -0.4384870309152801
0.7800268985243541 0.6674423326345005 -0.3545034720194056
0.8365151080997244 0.6135347954450181 -0.4003988474210469
0.8968661342507012 0.5596272582555355 -0.4462942228226884
-0.4840341719654453 0.6925532888089869 -0.3634203642486133
-0.3960648335898618 0.7226191766898695 -0.3972311007814066
-0.2881 0.7575149460219908 -0.4351070485149295
-0.225764209090783 0.7784015301252354 -0.4537675607057062
0.6510478787350538 0.7705831659585605 -0.4007000000000001
0.7356161391146123 0.7073699619684199 -0.3955020832116434
0.7857189802837927 0.6725723820026195 -0.4295701386860722
-0.3624080021456847 0.7927609500956658 -0.3559751706475331
-0.2881 0.8120052570852576 -0.3788070485149295
-0.1796338052523818 0.8410470712875391 -0.4024361257495829
-0.06290000000000007 0.8687017755695787 -0.4211131035749199
0.04969999999999986 0.8831781793170426 -0.4389152209218781
0.1622999999999999 0.8900887876235231 -0.4486889519583741
0.2748999999999999 0.8894336004890202 -0.4430264622416401
0.3898519808345009 0.8809514415578175 -0.4031745165802552
0.5000999999999998 0.8454627558628567 -0.4007000000000001
0.5947478787350537 0.8022307329463467 -0.4007000000000001
-0.1335034014139806 0.8986258735849466 -0.3511046907934595
-0.06290000000000007 0.9062144492874673 -0.3648131035749199
0.04969999999999986 0.9136309664552733 -0.3826152209218781
0.1622999999999999 0.9143779623185033 -0.3923889519583741
0.2748999999999999 0.9084554368771569 -0.3867264622416401
0.3538866347241683 0.9006178625535595 -0.3672908609670918
-0.2519687783051771 -0.9145540090249494 -0.2464278339855777
-0.1647362872073185 -0.9214930096784347 -0.2856167003913466
-0.06290000000000007 -0.940610355932088 -0.2881
0.04969999999999986 -0.9514498789994326 -0.2881
0.1622999999999999 -0.9491330671077651 -0.2881
0.2748999999999999 -0.9336599202570854 -0.2881
0.3543516432911695 -0.9150171315459963 -0.2881
-0.4727884659312193 -0.805318803213109 -0.2466942293404849
-0.3962378641004407 -0.8235945760468892 -0.2857765376042909
-0.2889412669831062 -0.8772326442286409 -0.2856167003913466
-0.1950938120121974 -0.8947155835160283 -0.3214945006522443
0.4106516432911695 -0.896092073623401 -0.2881
0.5000999999999998 -0.8574028926233737 -0.2881
0.5849185131507644 -0.8124108189999726 -0.2881
-0.592242201585687 -0.7030373020176173 -0.2549071735542034
-0.5135925502400122 -0.7397055120152349 -0.2883340347806774
-0.4307964401674012 -0.7763737220128526 -0.3217608960071514
0.6412185131507644 -0.7749557240905575 -0.2881
0.7113396059891921 -0.7186557240905574 -0.2881
-0.6990784495277882 -0.5909638520509299 -0.2500963665706379
-0.6277792978827834 -0.6289072341107489 -0.2900351033957541
-0.5543966345488051 -0.6668506161705677 -0.3299738402208701
0.7676396059891921 -0.6677242154191991 -0.2881
0.8166707169375693 -0.6114242154191991 -0.2881
-0.7980076874254221 -0.4626544239054686 -0.2354475539258779
-0.7312099702656756 -0.5024324339955537 -0.2803052935815913
-0.6633163941798798 -0.5422104440856388 -0.3251630332373047
0.8729707169375693 -0.5381475367638353 -0.2881
0.9091943140416416 -0.4818475367638353 -0.2881
-0.8120776181843761 -0.4007000000000001 -0.2514468781648663
-0.7607723759299346 -0.4007000000000001 -0.3077468781648662
0.9503259451844512 -0.4007000000000001 -0.2881
-0.8335067191513144 -0.2881 -0.275814527188432
-0.7833945472193223 -0.2881 -0.332114527188432
0.9929031403526793 -0.2903000276900212 -0.2833601078266639
1.013642916214597 -0.2542333794833688 -0.3177335130444398
-0.9087574806778527 -0.1270697621045226 -0.2334048687159875
-0.8510470818394982 -0.176271104899816 -0.2882046440033099
-0.79350438605608 -0.2254724476951093 -0.3430044192906323
1.003863059064052 -0.216792838283061 -0.2426668463777731
1.021546038907277 -0.1777557029698366 -0.2833601078266639
-0.9111765204398634 -0.06290000000000007 -0.2362647556374882
-0.8613974526932814 -0.06290000000000007 -0.2925647556374881
1.037029625537279 -0.06290000000000007 -0.2881
-0.9115417343092547 0.04969999999999986 -0.2366965262867454
-0.8617806388817983 0.04969999999999986 -0.2929965262867454
1.037791175842541 0.04969999999999986 -0.2881
-0.9092444325037078 0.117562435300947 -0.2339805629149974
-0.8518500889167123 0.1677127474424995 -0.2891151255726387
-0.7946604552044342 0.2178630595840521 -0.3442496882302802
1.004968003888401 0.2084775299980108 -0.2385784884829473
1.02278474993051 0.1674865179988065 -0.2809070930897684
-0.8355600302195751 0.2748999999999999 -0.278149406450272
-0.7855621768724866 0.2748999999999999 -0.3344494064502719
0.9956325664580823 0.2799090504819755 -0.2809070930897684
1.014692034179637 0.2457150841366258 -0.3136451551496139
-0.814952253679941 0.3875 -0.2547157091314421
-0.7638070574443647 0.3875 -0.3110157091314422
0.9563531178825992 0.3875 -0.2881
-0.8001978858982335 0.4535663983016935 -0.2379380918051739
-0.7339294718280307 0.4934036560086335 -0.2832453350480572
-0.6666436771913842 0.5332409137155736 -0.3285525782909402
0.8779229459900235 0.5315474717474038 -0.2881
0.9126384127262974 0.4752474717474038 -0.2881
-0.7022053143557898 0.5822672025439481 -0.2534859116242736
-0.6316298900649053 0.6202194186876411 -0.2939617370179745
-0.5591008386321119 0.658171634831334 -0.3344375624116754
0.7746342489002802 0.6614899076723955 -0.2881
0.8216229459900235 0.6051899076723954 -0.2881
-0.5966161029384265 0.6943150248724808 -0.2593708957450087
-0.5190027553942914 0.7309674901740673 -0.2934507923128031
-0.4374746688123514 0.7676199554756538 -0.3275306888805976
0.6511361912808076 0.7685669409084195 -0.2881
0.7183342489002802 0.7122669409084195 -0.2881
-0.4789046721564707 0.7964235271687277 -0.2524640222139309
-0.4002448012874109 0.8182984218564358 -0.2892384133283585
-0.2958982437649826 0.8720719411660056 -0.2906623952701824
-0.2085700680806474 0.8860460593513444 -0.3299039921169706
0.4306132121482904 0.889809385202144 -0.2881
0.5000999999999998 0.8576061605343757 -0.2881
0.5948361912808076 0.8056967753322313 -0.2881
-0.2635637396083043 0.9056232914227709 -0.2548373254503039
-0.1728220408483884 0.9159946022378829 -0.2906623952701824
-0.06290000000000007 0.9403813571927966 -0.2881
0.04969999999999986 0.9513714133527122 -0.2881
0.1622999999999999 0.9490224269034755 -0.2881
0.2748999999999999 0.9333343978450852 -0.2881
0.3743132121482904 0.9081778113318006 -0.2881
-0.3579838913506961 -0.9132483697065737 -0.1374806694853945
-0.2889412669831062 -0.9257748784213722 -0.1752084016912367
-0.1755000000000001 -0.9568020158030022 -0.1755000000000001
-0.06290000000000007 -0.9746985969423608 -0.1755000000000001
0.04969999999999986 -0.9794388431227075 -0.1755000000000001
0.1622999999999999 -0.9710227543440419 -0.1755000000000001
0.2748999999999999 -0.9494503306063643 -0.1755000000000001
0.3691308033943763 -0.9213875174988861 -0.1755000000000001
-0.5730504017581949 -0.7973950322839757 -0.1249018577314305
-0.5115130795587316 -0.8181831335846272 -0.1676611146388584
-0.3975903348104177 -0.8800015901555017 -0.1752084016912367
-0.3270354449718436 -0.900425793235433 -0.2125473361520612
0.4254308033943763 -0.8998521539603768 -0.1755000000000001
0.5000999999999998 -0.8614699495868327 -0.1755000000000001
0.5827943668393056 -0.812717795626456 -0.1755000000000001
-0.6900404675797156 -0.6901913171142746 -0.1330250745938456
-0.6201796350052742 -0.7341476428992793 -0.1664967994959714
-0.547855132597886 -0.778103968684284 -0.1999685243980972
0.6390943668393056 -0.7713299031546061 -0.1755000000000001
0.704153798505109 -0.7150299031546062 -0.1755000000000001
-0.7961198027633528 -0.5714246313056799 -0.1216486299783942
-0.7320927918870852 -0.6187275750116383 -0.1648701856194532
-0.6673088682523536 -0.6660305187175966 -0.2080917412605123
0.760453798505109 -0.6587505689434041 -0.1755000000000001
0.8072661401253762 -0.6024505689434042 -0.1755000000000001
-0.8116672115272676 -0.5054326543432812 -0.1657091779870365
-0.7741451161944548 -0.5377210905721352 -0.1967152966450609
0.8635661401253762 -0.5214798143847198 -0.1755000000000001
0.898866982121068 -0.4651798143847198 -0.1755000000000001
-0.910436669948594 -0.3518109952072833 -0.1250696647623444
-0.8678128119615036 -0.39388659712437 -0.1677617988574066
0.9281593455604822 -0.4007000000000001 -0.1755000000000001
-0.9202482285107304 -0.2881 -0.1440347022971329
-0.8898067191513144 -0.2881 -0.2003347022971329
0.9704901732422304 -0.2881 -0.1755000000000001
-0.9291691932710331 -0.1689618572627136 -0.1805859629802997
-0.9016464887146731 -0.2021364287711893 -0.2215099383004995
0.9978998462666313 -0.1777557029698366 -0.1724676525868127
1.010716648974431 -0.1417261716163942 -0.2079794209780212
-0.9442324648779221 -0.06290000000000007 -0.1755000000000001
1.004369330707297 -0.0830185269034206 -0.1329127543113545
1.012951980100831 -0.05245111614205233 -0.1724676525868127
-0.9449776528929554 0.04969999999999986 -0.1755000000000001
1.004898482231241 0.0701775722781719 -0.1299275169271028
1.013246484955528 0.03946654336690303 -0.1706765101562617
-0.9303733023160872 0.1579774611805682 -0.1817611033233902
-0.9027415879510788 0.1926291019676136 -0.2234685055389838
0.9995152859043408 0.1674865179988065 -0.1706765101562617
1.011207490398927 0.1334108633313444 -0.2049941835937695
-0.9221480992389408 0.2748999999999999 -0.1477070158692908
-0.8918600302195751 0.2748999999999999 -0.2040070158692908
0.9745462630026769 0.2748999999999999 -0.1755000000000001
-0.9119565665311623 0.3426991116891829 -0.1280075156200706
-0.8714866612656437 0.3831394670135098 -0.1695245093720424
0.933837871225107 0.3875 -0.1755000000000001
-0.8160731476532529 0.4946998389810162 -0.1688959824044589
-0.7772719810224564 0.5286330649683602 -0.2020266373407649
0.8681909784041097 0.5144398094854561 -0.1755000000000001
0.9021118539294253 0.4581398094854561 -0.1755000000000001
-0.7989825963210365 0.5623070291075976 -0.1269599706740981
-0.7356308528904429 0.6098204491591062 -0.1710077130460371
-0.6716827696050931 0.6573338692106148 -0.2150554554179761
0.7669089008176795 0.6523229330858114 -0.1755000000000001
0.8118909784041097 0.5960229330858113 -0.1755000000000001
-0.6939897247584295 0.6812352511910817 -0.1399887887513094
-0.6250755633326879 0.7253084713651146 -0.1744552961796974
-0.5539713388231374 0.7693816915391474 -0.2089218036080854
0.6480937135783327 0.7648751323310032 -0.1755000000000001
0.7106089008176795 0.7085751323310032 -0.1755000000000001
-0.5784683570602824 0.7883749277681009 -0.1338551369414187
-0.5151828032938824 0.8128017293159997 -0.1730330821648512
-0.4033219869640099 0.8748845081529388 -0.182921834898261
-0.338630406274971 0.891846225829666 -0.2254030581637683
0.4410643148068853 0.8931102682245418 -0.2029501932805887
0.489179372861734 0.8680330313084468 -0.1694501159683532
0.5917937135783327 0.8060085879671519 -0.1755000000000001
-0.3675366449400165 0.9042995201327984 -0.1503363914971017
-0.2958982437649826 0.9203359351232785 -0.182921834898261
-0.1755000000000001 0.9567978775690196 -0.1755000000000001
-0.06290000000000007 0.9749429961844853 -0.1755000000000001
0.04969999999999986 0.9797490721907978 -0.1755000000000001
0.1622999999999999 0.9712161055879571 -0.1755000000000001
0.2748999999999999 0.9493440963759636 -0.1755000000000001
0.3971185888841313 0.9107228183401119 -0.1694501159683532
0.4443656214362233 0.8944891431550672 -0.127883526613922
-0.3726606711901101 -0.9193016235980955 -0.06290000000000007
-0.2881 -0.9484505538580151 -0.06290000000000007
-0.1755000000000001 -0.9763669997021575 -0.06290000000000007
-0.06290000000000007 -0.9911271105872878 -0.06290000000000007
0.04969999999999986 -0.9927308865134059 -0.06290000000000007
0.1622999999999999 -0.9811783274805118 -0.06290000000000007
0.2748999999999999 -0.9564694334886057 -0.06290000000000007
0.3735274388108596 -0.9241129513764498 -0.06290000000000007
-0.5809257326088343 -0.8031726069809477 -0.06290000000000007
-0.5133000000000001 -0.8459712384361052 -0.06290000000000007
-0.4289606711901102 -0.8938986314551576 -0.06290000000000007
0.4298274388108596 -0.9011624493848955 -0.06290000000000007
0.5000999999999998 -0.8623148287780158 -0.06290000000000007
0.580935062091356 -0.8122523793931202 -0.06290000000000007
-0.6997762289953575 -0.6998900560209675 -0.06290000000000007
-0.6372257326088343 -0.7561900560209676 -0.06290000000000007
0.6372350620913561 -0.7687470677474404 -0.06290000000000007
0.7001140323659816 -0.7124470677474404 -0.06290000000000007
-0.8022129746193336 -0.5797030946500792 -0.06290000000000007
-0.7560762289953575 -0.6360030946500792 -0.06290000000000007
0.7564140323659814 -0.6532884629517249 -0.06290000000000007
0.8022457761455986 -0.596988462951725 -0.06290000000000007
-0.8433009426540106 -0.5133000000000001 -0.06290000000000007
0.864673072003795 -0.502538259560754 -0.06890766551276561
0.8946552653932691 -0.4578304326012568 -0.1104461091879425
-0.9171861473719399 -0.3680176628686913 -0.06290000000000007
-0.8921879680346769 -0.4243176628686913 -0.06290000000000007
0.8925274184788599 -0.4535026623436181 -0.03537944252127589
0.9129935701949261 -0.4098615974061709 -0.06890766551276561
-0.9436806355232676 -0.2881 -0.06290000000000007
0.9576956352780293 -0.2881 -0.06290000000000007
-0.970567087398742 -0.1755000000000001 -0.06290000000000007
0.9853645704167118 -0.1755000000000001 -0.06290000000000007
-0.9843930799076142 -0.06290000000000007 -0.06290000000000007
1.000979864712211 -0.05245111614205233 -0.07334835450275445
1.006881068461553 -0.007951860236753872 -0.1178472575045907
-0.9851586130498839 0.04969999999999986 -0.06290000000000007
1.001610114830987 0.03946654336690303 -0.07334835450275445
1.006881068461553 -0.004889094388494719 -0.1178472575045907
-0.9728636868255514 0.1622999999999999 -0.06290000000000007
0.9877280083621214 0.1622999999999999 -0.06290000000000007
-0.9475083012346165 0.2748999999999999 -0.06290000000000007
0.9616346985203785 0.2748999999999999 -0.06290000000000007
-0.9194827467987492 0.3613756839006053 -0.06290000000000007
-0.8956519065741864 0.4176756839006053 -0.06290000000000007
0.9221008274335292 0.3875 -0.06290000000000007
-0.8510948043679066 0.5000999999999998 -0.06290000000000007
0.8630187983269615 0.5045817004428805 -0.06290000000000007
0.8965868757894142 0.4482817004428805 -0.06290000000000007
-0.8065428977937203 0.5727853875330253 -0.06290000000000007
-0.76205692408407 0.6290853875330253 -0.06290000000000007
0.762623383200401 0.6467431515610977 -0.06290000000000007
0.8067187983269615 0.5904431515610977 -0.06290000000000007
-0.70575692408407 0.6931597495815311 -0.06290000000000007
-0.64544462166056 0.7494597495815312 -0.06290000000000007
0.6458266339507359 0.7622452909575137 -0.06290000000000007
0.7063233832004012 0.7059452909575137 -0.06290000000000007
-0.58914462166056 0.796313027570694 -0.06290000000000007
-0.5133000000000001 0.8459944158407555 -0.06290000000000007
-0.4435430474131749 0.8875813882700614 -0.06290000000000007
0.5013848744156857 0.8618358397201153 -0.06290000000000007
0.5895266339507359 0.8055358397201153 -0.06290000000000007
-0.3872430474131748 0.9125218039573748 -0.06290000000000007
-0.2881 0.9483304353003359 -0.06290000000000007
-0.1755000000000001 0.9766345687669322 -0.06290000000000007
-0.06290000000000007 0.9915996596243759 -0.06290000000000007
0.04969999999999986 0.9932257078726665 -0.06290000000000007
0.1622999999999999 0.9815127135118038 -0.06290000000000007
0.2748999999999999 0.9564606765417878 -0.06290000000000007
0.3875 0.9180695969626187 -0.06290000000000007
0.4450848744156859 0.8948696482603731 -0.06290000000000007
-0.3742804957196967 -0.919962595916588 0.04969999999999986
-0.2881 -0.9496856666842707 0.04969999999999986
-0.1755000000000001 -0.977428448906954 0.04969999999999986
-0.06290000000000007 -0.9920148961706253 0.04969999999999986
0.04969999999999986 -0.9934450084752845 0.04969999999999986
0.1622999999999999 -0.9817187858209314 0.04969999999999986
0.2748999999999999 -0.9568362282075663 0.04969999999999986
0.3737221185644266 -0.9242529328305653 0.04969999999999986
-0.5822002348454731 -0.8041176647360072 0.04969999999999986
-0.5133000000000001 -0.8477630343410076 0.04969999999999986
-0.4305804957196967 -0.8947453696050004 0.04969999999999986
0.4300221185644266 -0.9012226306930041 0.04969999999999986
0.5000999999999998 -0.8623368717890162 0.04969999999999986
0.5808190431211468 -0.812214241096012 0.04969999999999986
-0.7009839856416847 -0.7010925184059794 0.04969999999999986
-0.638500234845473 -0.7573925184059793 0.04969999999999986
0.6371190431211466 -0.7685898039415245 0.04969999999999986
0.6998843230383949 -0.7122898039415246 0.04969999999999986
-0.8033432078012905 -0.5812555763361811 0.04969999999999986
-0.7572839856416848 -0.6375555763361811 0.04969999999999986
0.7561843230383949 -0.6529692120543471 0.04969999999999986
0.8019645180603232 -0.5966692120543471 0.04969999999999986
-0.8456189721509748 -0.5133000000000001 0.04969999999999986
0.8644480655355746 -0.5020964143198909 0.06021025099110955
0.8942513832646268 -0.4570940238664849 0.1047504183185162
-0.9182756017548411 -0.37065149891394 0.04969999999999986
-0.8933757643496842 -0.42695149891394 0.04969999999999986
0.8925274184788599 -0.4535026623436181 0.02968375165184955
0.9124784094272971 -0.4098615974061709 0.06021025099110955
-0.9458848308393319 -0.2881 0.04969999999999986
0.9569861430017588 -0.2881 0.04969999999999986
-0.972811972908147 -0.1755000000000001 0.04969999999999986
0.9846109652565302 -0.1755000000000001 0.04969999999999986
-0.9866588897959933 -0.06290000000000007 0.04969999999999986
0.9988166546990178 -0.06290000000000007 0.04969999999999986
-0.9874255815028706 0.04969999999999986 0.04969999999999986
0.999603211329223 0.04969999999999986 0.04969999999999986
-0.9751120480287793 0.1622999999999999 0.04969999999999986
0.9869706351471446 0.1622999999999999 0.04969999999999986
-0.949718289373719 0.2748999999999999 0.04969999999999986
0.9609189261527831 0.2748999999999999 0.04969999999999986
-0.9205756768754734 0.3640992402962988 0.04969999999999986
-0.8968456240530842 0.4203992402962986 0.04969999999999986
0.9214480843461386 0.3875 0.04969999999999986
-0.8534261564836247 0.5000999999999998 0.04969999999999986
0.8627294293030372 0.5040148159144489 0.04969999999999986
0.8962789401198725 0.4477148159144488 0.04969999999999986
-0.8076805324305406 0.5743713158622747 0.04969999999999986
-0.7632764245840935 0.6306713158622748 0.04969999999999986
0.7623806216836932 0.6464170227269721 0.04969999999999986
0.8064294293030372 0.5901170227269721 0.04969999999999986
-0.7069764245840935 0.6943840960193239 0.04969999999999986
-0.6467380825229661 0.750684096019324 0.04969999999999986
0.6456891354312284 0.76208516505007 0.04969999999999986
0.7060806216836932 0.7057851650500702 0.04969999999999986
-0.590438082522966 0.7972729734536528 0.04969999999999986
-0.5133000000000001 0.8478144391068525 0.04969999999999986
-0.4452145733552922 0.8884414656531991 0.04969999999999986
0.5014870690335174 0.8617971006048644 0.04969999999999986
0.5893891354312284 0.8054971006048643 0.04969999999999986
-0.3889145733552922 0.9131919554811319 0.04969999999999986
-0.2881 0.94958270066663 0.04969999999999986
-0.1755000000000001 0.9777107587707856 0.04969999999999986
-0.06290000000000007 0.9924997742657879 0.04969999999999986
0.04969999999999986 0.9939497471516376 0.04969999999999986
0.1622999999999999 0.982060677428334 0.04969999999999986
0.2748999999999999 0.9568325650958776 0.04969999999999986
0.3875 0.918265410154268 0.04969999999999986
0.4451870690335173 0.8949235360155872 0.04969999999999986
-0.3601436573901449 -0.9141296661312304 0.12886228668283
-0.2919257663032055 -0.9277285243518604 0.164757372009698
-0.1755000000000001 -0.9601036905600494 0.1622999999999999
-0.06290000000000007 -0.9774792808350312 0.1622999999999999
0.04969999999999986 -0.981698536151001 0.1622999999999999
0.1622999999999999 -0.9727614565079585 0.1622999999999999
0.2748999999999999 -0.9506680419059039 0.1622999999999999
0.3699852244427617 -0.9218661254325619 0.1622999999999999
-0.5747497380737132 -0.7986551092907218 0.1151965984258314
-0.5137491032872893 -0.8210244911285253 0.1565579590554989
-0.3988861944340869 -0.8833375109469812 0.164757372009698
-0.3320096105053427 -0.9025101423214817 0.2039289533494966
0.4262852244427617 -0.9000991226099868 0.1622999999999999
0.5000999999999998 -0.8616689280704026 0.1622999999999999
0.5825178573129191 -0.8126698054604158 0.1622999999999999
-0.6916508097748185 -0.6917946002942903 0.1240148158824432
-0.6227770730641453 -0.7364525220377882 0.1571390404874706
-0.5515818388121487 -0.7811104437812861 0.190263265092498
0.6388178573129191 -0.7709346643214081 0.1622999999999999
0.7034975769069065 -0.7146346643214081 0.1622999999999999
-0.7976267803392955 -0.5734946068871491 0.1116706139734081
-0.7345155520507982 -0.6217144944489107 0.1553760482612589
-0.6708044080545775 -0.6699343820106722 0.1990814825491096
0.7597975769069065 -0.657883140717942 0.1622999999999999
0.8064402480212725 -0.6015831407179419 0.1622999999999999
-0.8153142839794497 -0.5085496317963917 0.1544423683840448
-0.7773802943267778 -0.542916052993986 0.1867372806400749
0.8627402480212725 -0.5199330332151955 0.1622999999999999
0.8979701057658962 -0.4636330332151954 0.1622999999999999
-0.9118892757924623 -0.3553227766009484 0.1153836978402394
-0.8724143078179463 -0.395993665960569 0.1566702187041435
0.9262446252177321 -0.4007000000000001 0.1622999999999999
-0.9224524238267948 -0.2881 0.1374632924069907
-0.8945125258811693 -0.2881 0.1937632924069908
0.9683675105356131 -0.2881 0.1622999999999999
-0.9326840326995238 -0.1788412432016403 0.1705804152214487
-0.9048232144381027 -0.2186020720027338 0.2136340253690814
0.9967078694938278 -0.1746659094489339 0.1617496950803048
1.009803581545876 -0.1365765157482232 0.1989161584671746
-0.9508058313953075 -0.06290000000000007 0.1622999999999999
1.004268821839227 -0.06290000000000007 0.1213454784166161
1.013049300729377 -0.06290000000000007 0.1776454784166162
-0.9515543246174125 0.04969999999999986 0.1622999999999999
1.00466442946392 0.04969999999999986 0.1189470742425185
1.013415276166889 0.04969999999999986 0.1752470742425185
-0.9338926396136074 0.1686603461607386 0.1718550739790221
-0.9059255567196531 0.2104339102678976 0.2157584566317035
0.9983159283838172 0.1641454288865549 0.1598309717410269
1.010291548795891 0.1278423814775917 0.1957182862350448
-0.9243580873780433 0.2748999999999999 0.1414466010244073
-0.8965794176590762 0.2748999999999999 0.1977466010244073
0.9724036755050967 0.2748999999999999 0.1622999999999999
-0.9134138066334611 0.3463305202167741 0.1185703447341726
-0.8761081044480027 0.3853183121300643 0.1585822068405036
0.9318952561750087 0.3875 0.1622999999999999
-0.8197395698546117 0.4978990881845387 0.1578999610344323
-0.7805308020631745 0.533965146974231 0.1924999350573875
0.8673391476607544 0.512852201458428 0.1622999999999999
0.9011990377414829 0.456552201458428 0.1622999999999999
-0.8004994425034635 0.5644216002132636 0.1174332683907209
-0.7380732637441509 0.6128717187458352 0.1620362699314273
-0.675216909095864 0.6613218372784064 0.2066392714721341
0.7662104952444944 0.6514368169991183 0.1622999999999999
0.8110391476607544 0.5951368169991182 0.1622999999999999
-0.6956157254251275 0.6828677131081389 0.1315726048054673
-0.6277049403196773 0.7276552978421431 0.1657783017912415
-0.5577628525021011 0.7724428825761473 0.199983998777016
0.6477467519458633 0.7644727004017093 0.1622999999999999
0.7099104952444943 0.7081727004017093 0.1622999999999999
-0.5801929715434906 0.789654855612046 0.1249173321103494
-0.5174577115012606 0.8156878486686809 0.1623903992662095
-0.4046592077177038 0.8782729819393431 0.1731407026071012
-0.3438098060240837 0.8939634110631496 0.2179011710118355
0.4417361465910556 0.8933632414613675 0.1933996039075501
0.4892611285559991 0.8681458183007229 0.1584397623445299
0.5914467519458633 0.8059598417798779 0.1622999999999999
-0.3697653461961731 0.9051930554978083 0.1428345043451689
-0.2990058836144502 0.9223167121703186 0.1731407026071012
-0.1755000000000001 0.9601454040954442 0.1622999999999999
-0.06290000000000007 0.977762296623587 0.1622999999999999
0.04969999999999986 0.9820401465425772 0.1622999999999999
0.1622999999999999 0.9729789538524141 0.1622999999999999
0.2748999999999999 0.9505787185530981 0.1622999999999999
0.3975216879546333 0.9111541321976726 0.1584397623445299
0.4445018809266652 0.8945609934953531 0.1183329372408835
-0.256942943838676 -0.9161632684740892 0.2375508611328279
-0.169338151319668 -0.9246424544213681 0.2750105166796968
-0.06290000000000007 -0.9456359195620642 0.2748999999999999
0.04969999999999986 -0.9556071245221139 0.2748999999999999
0.1622999999999999 -0.9524219945231517 0.2748999999999999
0.2748999999999999 -0.9360805295651772 0.2748999999999999
0.3570908482624917 -0.9160103566732185 0.2748999999999999
-0.4765151721454821 -0.807665337913069 0.2378285452896547
-0.3997063286089584 -0.8282618699465073 0.2751771271737928
-0.2919257663032055 -0.8822648138837753 0.2750105166796968
-0.2027635855327801 -0.8976702444751824 0.3126175277994945
0.4133908482624915 -0.8967251037903662 0.2748999999999999
0.5000999999999998 -0.8581773549312199 0.2748999999999999
0.5847537476328259 -0.8125522511408538 0.2748999999999999
-0.5957377413879108 -0.7060437771146195 0.2464901235589727
-0.5181712508293831 -0.7433645724955817 0.2796926677576472
-0.4365772143482638 -0.780685367876544 0.3128952119563215
0.641053747632826 -0.7745521679837246 0.2748999999999999
0.7103769922101688 -0.7182521679837246 0.2748999999999999
-0.7023136276601112 -0.5948677153440056 0.2414124470227661
-0.6320319749186847 -0.6336702136358104 0.2814846186242028
-0.5598273295132842 -0.6724727119276153 0.3215567902256393
0.7666769922101688 -0.6665795832656665 0.2748999999999999
0.8153635922178815 -0.6102795832656664 0.2748999999999999
-0.8009954355164398 -0.4678493863273194 0.2259744644462633
-0.7351311398663591 -0.5087836547333991 0.2712267890678481
-0.6683262084494588 -0.5497179231394786 0.3164791136894329
0.8716635922178815 -0.5359366964270029 0.2748999999999999
0.9077446187348974 -0.479636696427003 0.2748999999999999
-0.8166416916899221 -0.4007000000000001 0.244598298002807
-0.767821483459294 -0.4007000000000001 0.300898298002807
0.9471999010817165 -0.4007000000000001 0.2748999999999999
-0.8314520714005529 -0.2832499052401828 0.2800139597344875
-0.7856799925397848 -0.3175498420669712 0.3209565995574795
0.9909729686712279 -0.2878692051388292 0.2726586316585717
1.012354667745829 -0.2501820085647154 0.308697719430953
-0.9116223657127972 -0.1435354053360672 0.2238269859626616
-0.8687715677152195 -0.1788412432016403 0.2667761915775968
1.002881237989622 -0.2116431824148898 0.2336310527642864
1.019413159081466 -0.1746659094489339 0.2726586316585717
-0.9154840770688697 -0.06290000000000007 0.2286075076945582
-0.8680318592029954 -0.06290000000000007 0.2849075076945582
1.033601991284855 -0.06290000000000007 0.2748999999999999
-0.915851437580725 0.04969999999999986 0.2290622736644703
-0.8684186020600241 0.04969999999999986 0.2853622736644701
1.034357706016797 0.04969999999999986 0.2748999999999999
-0.9121121797286043 0.135367243601231 0.2244333405892109
-0.8703611559410186 0.1686603461607386 0.2671400043535266
1.00397890564083 0.2029090481442584 0.2294207689197265
1.020641313738109 0.1641454288865549 0.2701324613518357
-0.8337243733941243 0.272520399053098 0.2811948719636927
-0.7874323286578289 0.3084673317551634 0.3229247866061546
0.9936801088756932 0.2773615060039893 0.2701324613518357
1.013393972530978 0.2414691766733157 0.3044874355863931
-0.8195353401789918 0.3875 0.2480426253379886
-0.770888071665871 0.3875 0.3043426253379886
0.9531748082884584 0.3875 0.2748999999999999
-0.8032001200795406 0.4588984803075644 0.2285987138444967
-0.7378746178132536 0.4999225154462181 0.2743255330692078
-0.6716938295636439 0.5409465505848718 0.3200523522939187
0.8765663614629158 0.5292782768965818 0.2748999999999999
0.9111588514244644 0.472978276896582 0.2748999999999999
-0.7054641353965079 0.58625517061174 0.2449856856272523
-0.6359220359964206 0.6250850117751814 0.2856254045971454
-0.5645988725330631 0.6639148529386232 0.3262651235670386
0.7735892682382701 0.6603206155801871 0.2748999999999999
0.8202663614629158 0.604020615580187 0.2748999999999999
-0.6001502424291973 0.6973762159094807 0.251198456900372
-0.5236475291842487 0.7346931432345056 0.2850919498079909
-0.4433721292672331 0.7720100705595307 0.3189854427156102
0.6508291201632788 0.7681560403363858 0.2748999999999999
0.7172892682382701 0.7118560403363858 0.2748999999999999
-0.4826961858354344 0.7988070284017343 0.2439187760489434
-0.4037832775603399 0.823039242763423 0.2788312656293661
-0.2990058836144502 0.8771833859607128 0.2803469769140443
-0.2166612404017 0.8890472670638832 0.3215116281900736
0.4328416619705038 0.8904523879173891 0.2748999999999999
0.5000999999999998 0.858392823465761 0.2748999999999999
0.5945291201632787 0.8058404355483715 0.2748999999999999
-0.2687431393574171 0.9072548993461123 0.246444961523407
-0.1776767442410201 0.919187784666883 0.2803469769140443
-0.06290000000000007 0.9454767129741835 0.2748999999999999
0.04969999999999986 0.955586392321895 0.2748999999999999
0.1622999999999999 0.9523570290604537 0.2748999999999999
0.2748999999999999 0.9357886231898596 0.2748999999999999
0.3765416619705038 0.9091848298011369 0.2748999999999999
-0.1276969188661133 -0.9099145434479898 0.335247494146828
-0.06290000000000007 -0.9162133274019317 0.3472888047424842
0.04969999999999986 -0.9230072681220729 0.3639731545966238
0.1622999999999999 -0.9232230413627079 0.3713522578797734
0.2748999999999999 -0.916860647123837 0.3605782194144989
0.3419188756791574 -0.91048993875635 0.3431279093319812
-0.3615105476815972 -0.8050609696762947 0.3424942144199461
-0.2881 -0.8233484106136079 0.3655430042789225
-0.1769518879392381 -0.8532239563754487 0.3880053093827225
-0.06290000000000007 -0.8806612798615809 0.4035888047424843
0.04969999999999986 -0.8941266072872655 0.4202731545966238
0.1622999999999999 -0.9001434797722848 0.4276522578797735
0.2748999999999999 -0.8987118973166393 0.4168782194144989
0.3826713254074945 -0.8880940023957818 0.3833967455991887
0.5000999999999998 -0.8474620175389886 0.3875
0.583743964015071 -0.8096615107210864 0.3875
-0.4847606628466175 -0.7056187012098774 0.3512983829370764
-0.3967039408353848 -0.7364726725910329 0.3844296320118445
-0.2881 -0.7720793296495485 0.4218430042789225
-0.2262068570123629 -0.7919791288938764 0.440763124618617
0.640043964015071 -0.7769068005371924 0.3875
0.7189247820918458 -0.7206068005371924 0.3875
-0.5932595417827922 -0.5974060452609486 0.3495629443173172
-0.5143898648602699 -0.6278180248609646 0.3879639969605302
-0.4318973339891724 -0.6582300044609806 0.4263650496037432
0.7752247820918459 -0.6760668838771635 0.3875
0.8279158378689531 -0.6197668838771635 0.3875
-0.6928819854059405 -0.4746512564728121 0.3399537241985
-0.619629553209641 -0.5044273293314068 0.3822916675912418
-0.5440190668739222 -0.5342034021900014 0.4246296109839838
0.8842158378689531 -0.5556859790389959 0.3875
0.9219362103240012 -0.499385979038996 0.3875
-0.711521483459294 -0.4007000000000001 0.3552285087031479
-0.6416073001720582 -0.4007000000000001 0.4115285087031477
0.9800116797590928 -0.3965742270268947 0.3883246500643915
1.012300803605507 -0.3562903783781578 0.4264077501073191
-0.7980034178260291 -0.2424831754003046 0.3339424301925167
-0.7442879955238709 -0.2832499052401828 0.3670550161692947
-0.6651711588595866 -0.2881 0.4302619475672309
1.00023785249982 -0.325248675231382 0.3513410834406525
1.024224471227713 -0.2878692051388292 0.3883246500643915
-0.8047470488154473 -0.1755000000000001 0.3397156194038344
-0.7289411292748362 -0.1733074401007216 0.4032914811334338
-0.6774180428865275 -0.209379066834536 0.4399983093506106
1.052995564641972 -0.1755000000000001 0.3875
-0.8117318592029954 -0.06290000000000007 0.3456952811077099
-0.7446456224011316 -0.06290000000000007 0.4019952811077099
1.06778260240983 -0.06290000000000007 0.3875
-0.8121186020600241 0.04969999999999986 0.3460263697590988
-0.745042839406304 0.04969999999999986 0.4023263697590989
1.068601347789593 0.04969999999999986 0.3875
-0.8059072773865334 0.1622999999999999 0.3407088853580016
-0.7292589028789742 0.1626764740460667 0.404660498990858
-0.6786222354326962 0.2004607900767779 0.4409556511740946
1.055451800781264 0.1622999999999999 0.3875
-0.7990347321114388 0.2334006650884966 0.3348253332628877
-0.7453393971946973 0.272520399053098 0.3690207707467432
-0.667429019883653 0.2748999999999999 0.4320569634862632
1.002005583712573 0.3165358433399823 0.3459154172458985
1.026564078440134 0.2773615060039893 0.385069250347539
-0.714588071665871 0.3875 0.3577415309897931
-0.6447683056057512 0.3875 0.4140415309897931
0.9840644602188817 0.3859186497281979 0.385069250347539
1.01401682794684 0.3473310828803298 0.4209820839125651
-0.6952184335633325 0.465879883918205 0.3418684078454677
-0.6225175563129022 0.4954512060504119 0.3845558698680964
-0.5475068114194148 0.5250225281826189 0.4272433318907249
0.8862524055054211 0.5448273336389275 0.3622026310398654
0.9203518337572261 0.5044164001833567 0.3948415786239192
-0.5966271628969773 0.5888481862719563 0.3521766652240585
-0.5185195086429056 0.6191067435294233 0.3909981270281409
-0.4368711447831771 0.6493653007868903 0.4298195888322232
0.7792411163836435 0.6666299261816457 0.3458072751450623
0.8357041607827644 0.6125098500676966 0.3915382864257975
0.8958178729431472 0.5583897739537476 0.4372692977065322
-0.4895322058663965 0.6969434038928641 0.3547529221655568
-0.4025883036918719 0.727675815122677 0.3883994723341713
-0.3097217178809653 0.7584082263524901 0.4220460225027856
0.6514714249023057 0.7705535257089708 0.3875
0.735144669830186 0.7070882205838274 0.3850043650870374
0.7851559160601074 0.6721423333610841 0.4208739418117291
-0.3683054626005665 0.796161631807488 0.3469793558361189
-0.2785530307285793 0.810757008988507 0.3857076135016713
-0.1776767442410201 0.8580621591338464 0.38264057231626
-0.06290000000000007 0.8741354998092747 0.4143661646375116
0.04969999999999986 0.8878129555581711 0.4330934276150962
0.1292051115939499 0.8932401563815822 0.4419039711638799
0.300038027638414 0.8913013095374878 0.4340710352333148
0.3912316416217696 0.8831044055842583 0.3929226211399888
0.5000999999999998 0.8475086801855034 0.3875
0.5951714249023057 0.8029041553582963 0.3875
-0.1415945737350333 0.9009193956031851 0.3418676205271005
-0.06290000000000007 0.909390619271164 0.3580661646375116
0.04969999999999986 0.9162789103516482 0.3767934276150962
0.16496306695637 0.9123516173141186 0.3976223826983281
0.2674628165830484 0.9071910160911834 0.3929226211399888
0.3561860693696162 0.9015027816722718 0.359004368566648
-0.1511401903456961 -0.8087776682757151 0.4574325819298111
-0.06290000000000007 -0.824361279861581 0.4753887090001665
0.05431588389181008 -0.8312500477526743 0.5059314180422465
0.1622999999999999 -0.8537866794026099 0.5000999999999998
0.2748999999999999 -0.8583734591229718 0.5000999999999998
0.3875 -0.8480633289620036 0.5000999999999998
0.5102012504563733 -0.8175044176363543 0.5102388538474389
0.5732920185835186 -0.8030513384531326 0.4794647564123984
-0.3568306673225058 -0.6922599773055217 0.4505668877792579
-0.2881 -0.7157793296495485 0.4683890342561332
-0.179775974420558 -0.7417351397506483 0.5011588699126988
-0.06290000000000007 -0.7666348830187809 0.5316887090001665
0.01985980648635 -0.7854886934176211 0.5473523634037445
0.5544687507606225 -0.7943017742029967 0.554531423079065
0.6115752111501112 -0.7779866758038895 0.5102388538474389
0.7357724349106221 -0.711026251211337 0.5035246367278341
0.7823004056606524 -0.6827010665487427 0.5433410612130571
-0.4689524002072557 -0.583163337794314 0.4508129786826354
-0.3968984003935034 -0.6227780026765883 0.4689665680927635
-0.2890340535213769 -0.6262842780235627 0.5254098756205341
-0.20841175849542 -0.6640737967059378 0.5448851578955862
0.7802873915177035 -0.6810919865582272 0.4682743945463905
0.837268783012161 -0.628567415507036 0.4980330696621886
0.9004918654201832 -0.5760428444558445 0.5277917447779867
-0.570932897969823 -0.4591367355233348 0.4446289304915831
-0.5092114401243534 -0.5033220413140009 0.4622622129770888
-0.3970255819023333 -0.5125365797696239 0.5237035028977663
-0.3271900892022948 -0.5495609662827063 0.5470310803593788
0.8922371603636703 -0.5671490639030998 0.4527250781113201
0.9341246107070609 -0.5230894383418598 0.4941950468667919
-0.5853073001720583 -0.4007000000000001 0.4535683846384719
-0.5133000000000001 -0.4007000000000001 0.4972791825848539
-0.4355445789527708 -0.4007000000000001 0.5438107979463818
0.9956868643186887 -0.4363501553401066 0.5000999999999998
1.025141117792754 -0.3800501553401066 0.5000999999999998
-0.6088711588595865 -0.2881 0.4682227703511646
-0.5079997237206071 -0.2938623643753833 0.5295897871654796
-0.4532834687664722 -0.3352372739589721 0.5542192848075798
1.063608471853438 -0.2881 0.5000999999999998
-0.6850352154580605 -0.1343124001678694 0.4456472670584988
-0.6342908257319165 -0.1733074401007216 0.4723371377429813
-0.5342030027154472 -0.1755000000000001 0.5343859718848525
1.097968136391274 -0.1758659387199309 0.5057883653756692
1.123326235215404 -0.1385765645332181 0.5471139422927822
-0.6883456224011316 -0.06290000000000007 0.4478041421837295
-0.6259000000000001 -0.06290000000000007 0.4871621314232655
-0.5423584472161924 -0.06290000000000007 0.5394579892395357
1.103529911854352 -0.06290000000000007 0.4813358016120144
1.12733368497403 -0.06290000000000007 0.5376358016120144
-0.688742839406304 0.04969999999999986 0.4480629464614236
-0.6259000000000001 0.04969999999999986 0.4877017688766383
-0.5428100070627102 0.04969999999999986 0.5397388224152144
1.103958917939686 0.04969999999999986 0.4803211199567123
1.12776270221397 0.04969999999999986 0.5366211199567124
-0.6855648381316236 0.1253941234101112 0.4459923394287573
-0.6350133412596177 0.1626764740460667 0.4732181807867655
-0.5355576822550006 0.1622999999999999 0.5352284714118887
1.099786752956794 0.1654430575807013 0.5049766200514276
1.12389825820199 0.1300050959678358 0.5457610334190461
-0.611129019883653 0.2748999999999999 0.4696269362295586
-0.5087222194750356 0.2836424415298213 0.5314498264694294
-0.4553760491448059 0.3270040692163689 0.5554471291429712
1.068219133407355 0.2748999999999999 0.5000999999999998
-0.5884683056057511 0.3875 0.4555342168682237
-0.5133000000000001 0.3875 0.5013937424015404
-0.4392065946148547 0.3875 0.5459595255333169
0.9957941411452622 0.4223977495469964 0.4765050206929795
1.02466093210346 0.3859186497281979 0.5084630124157876
-0.5733412830621605 0.449955861515952 0.4461267074285364
-0.511304086851649 0.4925335169095713 0.4653709989429655
-0.3986996462050003 0.5019912705373881 0.5272674204745542
-0.3313347753572629 0.5407854508956471 0.5492874099811842
0.962221372556749 0.4903089482626433 0.5084630124157876
1.008424867205629 0.4462482471044051 0.5515716873596461
-0.4724401447527482 0.5742986341202236 0.4528593859082879
-0.3998826868699064 0.6121791804721342 0.4731727675289381
-0.2915208652143577 0.6157609949648244 0.5301984857261448
-0.2145398901788406 0.6553349916080407 0.5479022495702992
0.8453121914176749 0.6221608831969652 0.5000999999999998
0.9030311098369894 0.5658608831969651 0.5000999999999998
-0.3618044781165105 0.6833415596858234 0.4532744833254245
-0.2785530307285793 0.7226449358114939 0.4677493849972714
-0.1764039341073044 0.7221752444976532 0.5176687761541001
-0.06290000000000007 0.7600946658063832 0.5380917237615921
0.006514927353996169 0.7769008135790887 0.5519154964286506
0.6392960497433875 0.7677536949052539 0.5000999999999998
0.7252999999999998 0.717266957037862 0.5000999999999998
0.7890121914176749 0.6748132621326079 0.5000999999999998
-0.2346550512142986 0.7832527827761397 0.4452055754330619
-0.1755000000000001 0.7965922486193957 0.4580592830149006
-0.06290000000000007 0.8178354998092749 0.4817917237615923
0.04630895641239774 0.8260744953363184 0.5086692978571903
0.16496306695637 0.8616307840835091 0.4893971602593805
0.2674628165830484 0.865358014750653 0.4893971602593805
0.3875 0.8481194644701768 0.5000999999999998
0.5000999999999998 0.8225153210401734 0.5000999999999998
0.5829960497433875 0.7937651758023399 0.5000999999999998
0.2042717782606165 0.894722455353457 0.444728600432301
0.2249713609717474 0.894722455353457 0.444728600432301
0.09492647315301683 -0.7981812698714368 0.5594397940355913
0.1622999999999999 -0.8047431996303251 0.5664751793019247
0.2748999999999999 -0.8107615618063326 0.5750497422996665
0.3875 -0.8093314690416751 0.5768029413488407
0.4794020840939557 -0.8027695392827867 0.5691313770992068
-0.1333450918287533 -0.6914911506074202 0.5620119172065712
-0.06290000000000007 -0.7103348830187809 0.5750199644756273
0.05431588389181008 -0.7441732160505726 0.589143777067034
0.1614240892098813 -0.7319277482029791 0.6288912228306598
0.2748999999999999 -0.7568008290721058 0.6313497422996666
0.3875 -0.7656716812048071 0.6331029413488407
0.5102012504563733 -0.7714277871972213 0.6090788262595241
0.6126999999999998 -0.7453594239229786 0.6126999999999998
0.7277244048833618 -0.7006248217795474 0.6033084328726745
0.7823004056606524 -0.6827010665487427 0.5595140547877913
-0.2521234225356281 -0.5890071300392712 0.5653273032739468
-0.1727270550972521 -0.6262842780235627 0.5800189646617842
-0.05589745082954434 -0.6181122201755872 0.6312314039539753
0.04969999999999986 -0.6524744426741493 0.651349875807099
0.123306815349802 -0.6743122232728871 0.6637851323152
0.7668740081389362 -0.6756654381634447 0.6345807214544579
0.8270602433963914 -0.6416597616596067 0.6033084328726745
0.9060043616358966 -0.580125623451925 0.6126999999999998
-0.3570426365038889 -0.4744942996160397 0.562392027484242
-0.2890340535213769 -0.5125365797696239 0.5792035728958496
-0.1678306546676811 -0.5063984587724528 0.6355437887787776
-0.08876241804924057 -0.5393307646207548 0.656292387289122
0.9704944528384445 -0.5080485215037991 0.604332061663936
1.01515087646193 -0.4670142025063317 0.636286769439893
-0.3792445789527708 -0.4007000000000001 0.5729147257613252
-0.2881 -0.4007000000000001 0.6158346090323807
-0.2025803295660459 -0.4007000000000001 0.6556198832710554
1.005618272549545 -0.4551098287419844 0.5612201027732266
1.042853402513096 -0.4108258972451907 0.604332061663936
-0.4669328728676785 -0.2601706072923055 0.5613942127683489
-0.4097300812598833 -0.2938623643753833 0.5829589552532131
-0.2818934677900556 -0.2897439887813261 0.6454863597681118
-0.2243893483085927 -0.3283733146355434 0.665606553626513
1.102865571467575 -0.2932718355012151 0.6079185861805152
1.130235870183898 -0.259186392502025 0.6422643103008587
-0.4779030027154473 -0.1755000000000001 0.5669099546172605
-0.4007000000000001 -0.1755000000000001 0.6050711771544546
-0.3074491607136305 -0.1755000000000001 0.6508612225371937
1.115171158052728 -0.2136432311998848 0.5671976436341919
1.140186677551821 -0.1758659387199309 0.6079185861805152
-0.4860584472161925 -0.06290000000000007 0.5710104827927212
-0.4007000000000001 -0.06290000000000007 0.6136497726948638
-0.3165715146239234 -0.06290000000000007 0.6553392899021426
1.159588947389242 -0.06290000000000007 0.6126999999999998
-0.4865100070627103 0.04969999999999986 0.5712375254601543
-0.4007000000000001 0.04969999999999986 0.6141247620452557
-0.3170766114008357 0.04969999999999986 0.6555872365851014
1.160528279280642 0.04969999999999986 0.6126999999999998
-0.4792576822550005 0.1622999999999999 0.5675910826195603
-0.4007000000000001 0.1622999999999999 0.6064961452056299
-0.3089644510443672 0.1622999999999999 0.6516050625860696
1.116486161320594 0.2050717626345024 0.5638400017924614
1.141754646507278 0.1654430575807013 0.6059040010754768
-0.4681370324583926 0.2519374025497021 0.561999659881504
-0.4109856294868836 0.2836424415298213 0.5843140102529407
-0.2827016226331152 0.2793263119967262 0.6471335633362447
-0.2267748611235499 0.3198105199945436 0.6666989150203442
1.106286874902044 0.2830235569585304 0.6059040010754768
1.13159670925446 0.2509059282642174 0.638906668459128
-0.3829065946148547 0.3875 0.5746503525420354
-0.2881 0.3875 0.6194818682522951
-0.2067549769922209 0.3875 0.6575315157102597
1.058790444608891 0.3875 0.6126999999999998
-0.3598327436750004 0.4657187842289805 0.5637144097933544
-0.2915208652143577 0.5019912705373881 0.581963252790213
-0.1697390649196469 0.4956911355486902 0.6387256753561654
-0.09361528633888483 0.5302852259144839 0.6583184474032751
0.9688972538619305 0.5126171243602475 0.6126999999999998
1.016696471971783 0.4563171243602475 0.6126999999999998
-0.2562681086905964 0.5802683249413738 0.5671479055969986
-0.1764039341073044 0.6157609949648244 0.5837857254062973
-0.05880917180333101 0.6074128784199446 0.6355501315785677
0.04969999999999986 0.6459115940423537 0.6557602666421189
0.1128860427941427 0.6657939946898972 0.666925106305376
0.7775770062774763 0.6671763632226211 0.6595969972801206
0.8304362034980755 0.6363194333650202 0.6183181983680723
0.9125972538619305 0.5732170192893093 0.6126999999999998
-0.1394732235121738 0.682558740829422 0.5644431893435549
-0.06290000000000007 0.7037946658063832 0.5788988289207531
0.04630895641239774 0.7337404881474532 0.5948700715281732
0.1551716256764855 0.7212721605513579 0.6355461763148988
0.2748999999999999 0.7500816383148354 0.6384438239182872
0.3875 0.7591139343302771 0.6418629481497455
0.5000999999999998 0.7594058746308423 0.6330201905640012
0.6075764807349213 0.7502389294145151 0.6061515987488391
0.7341462037664856 0.6951374367629888 0.6183181983680723
0.7879270058301255 0.6736086828157264 0.5845303306134539
0.08158159402066278 0.789173551482969 0.56310309702413
0.1622999999999999 0.7979083628182 0.5724388906645916
0.2748999999999999 0.8040215362852008 0.582143823918287
0.3875 0.802568914311218 0.5855629481497455
0.5000999999999998 0.7935504968962519 0.5767201905640011
0.5666274678915355 0.785299892885682 0.5642526645813986
0.1983734820164689 -0.6900129136716318 0.6739067428446477
0.2748999999999999 -0.7005008290721058 0.6817538567824422
0.3875 -0.7093716812048071 0.6908837252257283
0.5000999999999998 -0.709658403344279 0.6955141227257073
0.6126999999999998 -0.7013609954905214 0.6917959057940959
0.6918073414722694 -0.6907775060435568 0.6811222781935475
-0.01369575138257395 -0.5753870336259788 0.6714105985528975
0.04969999999999986 -0.5961744426741493 0.6811992121299864
0.1614240892098813 -0.6324273339637323 0.6951878978764301
0.2748999999999999 -0.6259000000000001 0.726891708367595
0.382316137852488 -0.6205092045448037 0.7527264198513139
0.5000999999999998 -0.6455562027088699 0.7518141227257071
0.6126999999999998 -0.6504583738672018 0.7480959057940959
0.7277244048833618 -0.6487049604618715 0.7213133669161282
0.8422867282242466 -0.5984288110784353 0.7285944660010131
0.9036472834276787 -0.577191320146722 0.6932574433350218
-0.1251844244461352 -0.4642640979540881 0.6712382100286189
-0.05589745082954434 -0.5063984587724528 0.6809287833722166
0.04969999999999986 -0.5133000000000001 0.7138041212086601
0.1676851974099232 -0.5071742840097268 0.7542282812092733
0.2748999999999999 -0.5445622821341938 0.7704378515851529
0.3413268964208134 -0.5651925694960473 0.7793657327845522
0.8827445470404112 -0.5645339483388294 0.7683241100016884
0.944908370056607 -0.53210993274476 0.7285944660010131
1.019563161472354 -0.4702369546768281 0.7252999999999998
-0.1462803295660459 -0.4007000000000001 0.6791282029305548
-0.06290000000000007 -0.4007000000000001 0.7094838665532859
0.05818602208567203 -0.3933250821337476 0.7552689599378166
0.1337419956832053 -0.4259418035562461 0.7723073817327197
1.081720993742923 -0.3924138870770968 0.7274496929663812
1.122916387847125 -0.3493564784618279 0.7664161549439685
-0.2402224463167593 -0.2533066479688767 0.6723872165975733
-0.1823136089851557 -0.2897439887813261 0.6884461727162587
-0.06290000000000007 -0.2881 0.7340272973988053
0.02831381535355026 -0.2881 0.7685599939516616
1.114650774275066 -0.3342530591686917 0.6913494882773019
1.141608431610402 -0.2932718355012151 0.7274496929663812
-0.2511491607136306 -0.1755000000000001 0.6767815632006948
-0.1755000000000001 -0.1755000000000001 0.706382616647099
-0.06290000000000007 -0.1755000000000001 0.7505463661270035
0.005059407858277964 -0.1755000000000001 0.7772453126805996
1.185178374554972 -0.1755000000000001 0.7252999999999998
-0.2602715146239235 -0.06290000000000007 0.6804502584243615
-0.1755000000000001 -0.06290000000000007 0.7140797113526975
-0.05279070124191532 -0.06396656343072615 0.7630368500006968
-0.004695839850909822 -0.1022109390512103 0.7808888127633802
1.21083889636178 -0.05687192564376253 0.7354411796344149
-0.2607766114008356 0.04969999999999986 0.680653390878021
-0.1755000000000001 0.04969999999999986 0.7145058927709604
-0.05279070124191532 0.05404041931172388 0.763413125595541
-0.005578664639341202 0.09446736551953983 0.7812185401353158
1.21177346402152 0.04506149140830296 0.7354411796344149
-0.2526644510443672 0.1622999999999999 0.677390960561673
-0.1755000000000001 0.1622999999999999 0.7076611609018879
-0.06290000000000007 0.1622999999999999 0.7519573996076694
0.003073052084307193 0.1622999999999999 0.7779871992674545
1.188683003278997 0.1622999999999999 0.7252999999999998
-0.2415693710551918 0.2447438533278772 0.6729289031406649
-0.18374491667413 0.2793263119967262 0.6896633805005283
-0.06290000000000007 0.2748999999999999 0.7363790198665818
0.02500322239693253 0.2748999999999999 0.7697964715964201
1.11706543849618 0.325972594930884 0.6799862655481588
1.145056514745595 0.2830235569585304 0.7206317593288951
-0.1504549769922209 0.3875 0.68068954568278
-0.06290000000000007 0.3875 0.7127762780081726
0.05659693746649541 0.3825588242864324 0.757541675595597
0.1293243265761088 0.4167980404773877 0.7737871495588051
1.08773100665457 0.3816165898110779 0.7206317593288951
1.125547967539981 0.3401609830184631 0.7550529322148254
-0.1283651081994114 0.4552185592478171 0.6724278045065049
-0.05880917180333101 0.4956911355486902 0.6834230678674
0.04969999999999986 0.5000999999999998 0.7185268891757437
0.1650345959456654 0.49648743847669 0.7574899532814061
0.2554938486810145 0.53161239746115 0.7710580451738476
0.8936572531448306 0.5561536406365148 0.7809710028253289
0.947863638985841 0.5268365296498407 0.7361826016951973
1.025264679446078 0.4633304315849147 0.7252999999999998
-0.01854861967221821 0.5663547973665741 0.6730592354125753
0.04969999999999986 0.5896115940423536 0.6838229721116997
0.1551716256764855 0.6220363968139382 0.6990784918612127
0.2857763092086085 0.6016504121974746 0.7437161517229445
0.3875 0.6234898944793237 0.7520108590041565
0.5000999999999998 0.6388443076146264 0.7576899426264507
0.6126999999999998 0.6438520910779855 0.7556129572953996
0.7341462037664856 0.643516413829093 0.7247266026349384
0.8488343518868982 0.5931274569185452 0.7361826016951973
0.9085727316430687 0.5681979554102061 0.7059043361586625
0.1879527094608091 0.6810536009189301 0.676434713858483
0.2748999999999999 0.6937816383148354 0.6858516557732948
0.3875 0.7028139343302771 0.6957108590041565
0.5000999999999998 0.7031058746308423 0.7013899426264507
0.6126999999999998 0.6946574592165311 0.6993129572953996
0.7025103396108097 0.6818321083871042 0.6868110043915638
0.41639356308748 -0.579382007574673 0.7863981253940266
0.5000999999999998 -0.5892562027088699 0.7922901428235709
0.6126999999999998 -0.5941583738672019 0.7972157380887153
0.7252999999999998 -0.5889321219547559 0.796377885306373
0.8076778803737443 -0.5790579268205589 0.7899382613276107
0.2088086623498719 -0.4655571400162112 0.7842565397141559
0.2748999999999999 -0.4882622821341939 0.7922989072206661
0.382316137852488 -0.5219155416976284 0.8033819114967149
0.5000999999999998 -0.5133000000000001 0.827592784906944
0.6126999999999998 -0.5133000000000001 0.842199435625848
0.7252999999999998 -0.5133000000000001 0.8475877343172098
0.8422867282242466 -0.5215203690032977 0.8270713768656812
0.9504999999999999 -0.4870767640512014 0.8144175702651042
1.015466672167875 -0.4646350703961059 0.793384727793953
0.1013767034761199 -0.3508751368895794 0.783008481597419
0.1676851974099232 -0.3933250821337476 0.7910905672391888
0.2748999999999999 -0.4007000000000001 0.8175207479743765
0.3875 -0.4007000000000001 0.8453981627541176
0.5037966161954055 -0.3950930704925257 0.8738916894589699
0.6126999999999998 -0.4279623392360561 0.8828836975371321
0.7252999999999998 -0.4463112834137452 0.8891098490108367
0.8378999999999999 -0.4488394639278454 0.8884855250863932
0.9504999999999999 -0.4355468807783571 0.8707175702651042
1.060956228695066 -0.3924933719934859 0.831928410188594
1.122916387847125 -0.3493564784618279 0.7954054259165688
0.08461381535355028 -0.2881 0.7881152748386242
0.1622999999999999 -0.2881 0.8106491503088336
0.2748999999999999 -0.2881 0.8424855511127851
0.3938858636907012 -0.2838118867530549 0.8763309163063315
0.468727693659009 -0.318486477921758 0.8883492929871188
1.106445785222256 -0.3325516210248471 0.8704720925832357
1.146911818117814 -0.2922509726149083 0.8349232555499413
0.06135940785827798 -0.1755000000000001 0.7951997014694498
0.1622999999999999 -0.1755000000000001 0.8256265066787736
0.2748999999999999 -0.1755000000000001 0.8592882263958372
0.3633263038616958 -0.1755000000000001 0.8851614211865133
1.204787422150653 -0.1755000000000001 0.8378999999999999
-0.008517835403192064 -0.02714427238454364 0.7822363144040207
0.03958249608945419 -0.06396656343072615 0.7957760059159684
0.1622999999999999 -0.06290000000000007 0.8333284086602095
0.2748999999999999 -0.06290000000000007 0.8679287738235328
0.3470412672860284 -0.06290000000000007 0.8897431367552679
1.229334940388728 -0.09604471594093278 0.8378999999999999
-0.008517835403192064 0.01940069885287321 0.7822363144040207
0.03905280121639532 0.05404041931172388 0.7959373768073006
0.1622999999999999 0.04969999999999986 0.8337548562531416
0.2748999999999999 0.04969999999999986 0.8684071933958715
0.3461395790192545 0.04969999999999986 0.8899968223488401
1.229668337280303 0.07950248568050511 0.8109732660350013
0.05937305208430721 0.1622999999999999 0.7958048423119448
0.1622999999999999 0.1622999999999999 0.8269058494575692
0.2748999999999999 0.1622999999999999 0.860723485112854
0.360621239061375 0.1622999999999999 0.8859224779672292
1.213596363995375 0.1523924952751388 0.8442639596210006
0.08130322239693255 0.2748999999999999 0.7891238429094491
0.1622999999999999 0.2748999999999999 0.8127813882734929
0.2748999999999999 0.2748999999999999 0.8448776489744794
0.3924431624638633 0.2731093654912879 0.8780445380482476
0.4637649171539719 0.3094489424854798 0.8895140919331652
1.112086332190458 0.3241894580475024 0.8808037397372839
1.151124142151181 0.2819536748285014 0.8411222438423704
0.09872822911082579 0.3417313738107211 0.7838153360540789
0.1650345959456654 0.3825588242864324 0.7928331901942789
0.2748999999999999 0.3875 0.8208696849807484
0.3875 0.3875 0.8492123600647028
0.5008189502923832 0.3843870383131742 0.8766159574272874
0.6126999999999998 0.4214445144048713 0.8859045980999152
0.6995247726194986 0.4379476220178711 0.8916764161360664
0.8702594874565242 0.4414333576978711 0.8924406291855547
0.9504999999999999 0.4292874196848713 0.8780384006791744
1.06596773801424 0.3834887591168767 0.8400738223953141
1.125547967539981 0.3401609830184631 0.8057370730706175
0.2043909932427754 0.4565457307944834 0.7854551209342455
0.2857763092086085 0.49648743847669 0.791778084537587
0.3875 0.5000999999999998 0.8125729495357481
0.5000999999999998 0.5000999999999998 0.8332891903463839
0.6126999999999998 0.5000999999999998 0.8489964618921093
0.732354863571699 0.4894647048429415 0.8632156889682263
0.8444250369673441 0.5004974076873754 0.8429340846595168
0.9504999999999999 0.4806147230303572 0.8217384006791744
1.019849143838023 0.4555993234039613 0.7993439050533442
0.3305605153476814 0.5567506869957908 0.7817466935492825
0.3875 0.5671898944793237 0.7867646128900403
0.5000999999999998 0.5825443076146264 0.7954548125121488
0.6126999999999998 0.5875520910779854 0.800991863792194
0.7252999999999998 0.5822132448694004 0.8010622991082328
0.818590586478164 0.5701047762314146 0.7934275401334789
0.5437943603256756 -0.3538217841542096 0.8965358184800631
0.6126999999999998 -0.3716623392360561 0.9017231148658043
0.7252999999999998 -0.3900112834137451 0.9085423851187904
0.8378999999999999 -0.3925394639278453 0.9121187198283467
0.9504999999999999 -0.3792468807783571 0.9099386340646436
1.031379118555589 -0.3605635988584772 0.9027213977991073
0.4356764394845019 -0.2434198112550913 0.896029006037973
0.5037966161954055 -0.2838118867530549 0.9021145787264786
0.6126999999999998 -0.2881 0.9200476859945839
0.7252999999999998 -0.2881 0.935494161314804
0.8378999999999999 -0.2881 0.9451886768636693
0.9504999999999999 -0.2881 0.9446730915499799
1.066587471133353 -0.2922509726149083 0.9210934982642967
1.139074847696252 -0.2574849543581805 0.9077526852589632
0.4196263038616959 -0.1755000000000001 0.8996426671793407
0.5000999999999998 -0.1755000000000001 0.9162385019095494
0.6126999999999998 -0.1755000000000001 0.9374289949967203
0.7252999999999998 -0.1755000000000001 0.9557847330031077
0.8378999999999999 -0.1755000000000001 0.9695694945282098
0.9504999999999999 -0.1755000000000001 0.9752404769641874
1.0631 -0.1755000000000001 0.9641997127328006
1.162047718123904 -0.1755000000000001 0.9235771575602265
0.4033412672860281 -0.06290000000000007 0.9033092158766378
0.5000999999999998 -0.06290000000000007 0.9240571835205234
0.6126999999999998 -0.06290000000000007 0.9463670969512268
0.7252999999999998 -0.06290000000000007 0.9662188837591299
0.8378999999999999 -0.06290000000000007 0.9821069986939266
0.9504999999999999 -0.06290000000000007 0.9909593395240393
1.0631 -0.06290000000000007 0.9853202734333109
1.186753265881372 -0.07292384710898359 0.9315675109705277
0.4024395790192545 0.04969999999999986 0.9035122294790048
0.5000999999999998 0.04969999999999986 0.9244900970996548
0.6126999999999998 0.04969999999999986 0.946861991858104
0.7252999999999998 0.04969999999999986 0.9667966135828694
0.8378999999999999 0.04969999999999986 0.9828011893608206
0.9504999999999999 0.04969999999999986 0.991829679229534
1.0631 0.04969999999999986 0.9864897004519633
1.1757 0.04969999999999986 0.9424165183564979
0.416921239061375 0.1622999999999999 0.9002517079864421
0.5000999999999998 0.1622999999999999 0.9175372426469426
0.6126999999999998 0.1622999999999999 0.9389136797173514
0.7252999999999998 0.1622999999999999 0.9575179224743262
0.8378999999999999 0.1622999999999999 0.971652066528891
0.9504999999999999 0.1622999999999999 0.977851496080673
1.0631 0.1622999999999999 0.967707993788758
1.177825652958262 0.1523924952751388 0.9199962987011312
0.4332719374397724 0.2343822758188132 0.8965703756442855
0.5008189502923832 0.2731093654912879 0.903359000397322
0.6126999999999998 0.2748999999999999 0.9225221605289691
0.7252999999999998 0.2748999999999999 0.9383828104335008
0.8378999999999999 0.2748999999999999 0.948659630198138
0.9504999999999999 0.2748999999999999 0.9490247900774555
1.069971799314275 0.2819536748285014 0.9241379029314873
1.141709421597103 0.2491227913808358 0.9095674668227625
0.5388315838206388 0.3447783971886238 0.8974554183871191
0.6126999999999998 0.3651445144048713 0.9032077995864352
0.732354863571699 0.3952485732107227 0.9073233991143959
0.8347956924739144 0.3973400146187227 0.9104639729056112
0.9504999999999999 0.3729874196848713 0.9125496531811288
1.037019665523791 0.3517498685486238 0.9046769335280185
0.7745914392861653 0.4448411747382359 0.8946382324039814
0.7951928207898573 0.4448411747382359 0.8946382324039814
$EndNodes
$Elements
1 3078 1 3078
2 1 2 3078
1 8 7 1 
2 8 1 2 
3 9 8 2 
4 9 2 3 
5 10 9 3 
6 10 3 4 
7 11 10 4 
8 11 4 5 
9 15 14 6 
10 15 6 7 
11 16 15 7 
12 16 7 8 
13 17 16 8 
14 17 8 9 
15 18 17 9 
16 18 9 10 
17 19 18 10 
18 19 10 11 
19 20 19 11 
20 20 11 12 
21 22 21 13 
22 22 13 14 
23 23 22 14 
24 23 14 15 
25 24 23 15 
26 24 15 16 
27 25 24 16 
28 25 16 17 
29 26 25 17 
30 26 17 18 
31 27 26 18 
32 27 18 19 
33 28 27 19 
34 28 19 20 
35 30 29 21 
36 30 21 22 
37 31 30 22 
38 31 22 23 
39 32 31 23 
40 32 23 24 
41 33 32 24 
42 33 24 25 
43 34 33 25 
44 34 25 26 
45 35 34 26 
46 35 26 27 
47 36 35 27 
48 36 27 28 
49 38 37 29 
50 38 29 30 
51 39 38 30 
52 39 30 31 
53 40 39 31 
54 40 31 32 
55 41 40 32 
56 41 32 33 
57 42 41 33 
58 42 33 34 
59 43 42 34 
60 43 34 35 
61 44 43 35 
62 44 35 36 
63 46 45 38 
64 46 38 39 
65 47 46 39 
66 47 39 40 
67 48 47 40 
68 48 40 41 
69 49 48 41 
70 49 41 42 
71 50 49 42 
72 50 42 43 
73 51 50 43 
74 51 43 44 
75 53 52 46 
76 53 46 47 
77 54 53 47 
78 54 47 48 
79 55 54 48 
80 55 48 49 
81 56 55 49 
82 56 49 50 
83 64 63 57 
84 64 57 58 
85 65 64 58 
86 65 58 59 
87 66 65 59 
88 66 59 60 
89 67 66 60 
90 67 60 61 
91 72 71 62 
92 72 62 63 
93 73 72 63 
94 73 63 64 
95 74 73 64 
96 74 64 65 
97 75 2 1 
98 75 1 74 
99 75 74 65 
100 75 65 66 
101 76 3 2 
102 76 2 75 
103 76 75 66 
104 76 66 67 
105 77 4 3 
106 77 3 76 
107 77 76 67 
108 77 67 68 
109 78 5 4 
110 78 4 77 
111 78 77 68 
112 78 68 69 
113 82 81 70 
114 82 70 71 
115 83 82 71 
116 83 71 72 
117 84 83 72 
118 84 72 73 
119 85 74 1 
120 85 1 7 
121 85 7 6 
122 85 6 84 
123 85 84 73 
124 85 73 74 
125 86 11 5 
126 86 5 78 
127 87 12 11 
128 87 11 86 
129 87 86 78 
130 87 78 79 
131 89 88 80 
132 89 80 81 
133 90 89 81 
134 90 81 82 
135 91 90 82 
136 91 82 83 
137 92 84 6 
138 92 6 14 
139 92 14 13 
140 92 13 91 
141 92 91 83 
142 92 83 84 
143 93 20 12 
144 93 12 87 
145 95 94 88 
146 95 88 89 
147 96 95 89 
148 96 89 90 
149 97 91 13 
150 97 13 21 
151 97 96 90 
152 97 90 91 
153 98 28 20 
154 98 20 93 
155 100 99 94 
156 100 94 95 
157 101 100 95 
158 101 95 96 
159 102 97 21 
160 102 21 29 
161 102 101 96 
162 102 96 97 
163 105 104 99 
164 105 99 100 
165 106 105 100 
166 106 100 101 
167 107 102 29 
168 107 29 37 
169 107 106 101 
170 107 101 102 
171 108 107 37 
172 108 37 38 
173 109 44 36 
174 109 36 103 
175 111 110 104 
176 111 104 105 
177 112 111 105 
178 112 105 106 
179 113 112 106 
180 113 106 107 
181 114 108 38 
182 114 38 45 
183 114 113 107 
184 114 107 108 
185 115 114 45 
186 115 45 46 
187 117 51 44 
188 117 44 109 
189 117 116 50 
190 117 50 51 
191 119 118 111 
192 119 111 112 
193 120 119 112 
194 120 112 113 
195 121 120 113 
196 121 113 114 
197 122 115 46 
198 122 46 52 
199 122 121 114 
200 122 114 115 
201 123 122 52 
202 123 52 53 
203 124 123 53 
204 124 53 54 
205 125 124 54 
206 125 54 55 
207 126 56 50 
208 126 50 116 
209 126 125 55 
210 126 55 56 
211 127 126 116 
212 127 116 117 
213 129 128 118 
214 129 118 119 
215 130 129 119 
216 130 119 120 
217 131 130 120 
218 131 120 121 
219 132 131 121 
220 132 121 122 
221 133 132 122 
222 133 122 123 
223 134 133 123 
224 134 123 124 
225 135 134 124 
226 135 124 125 
227 136 135 125 
228 136 125 126 
229 138 137 130 
230 138 130 131 
231 139 138 131 
232 139 131 132 
233 140 139 132 
234 140 132 133 
235 141 140 133 
236 141 133 134 
237 150 149 142 
238 150 142 143 
239 151 150 143 
240 151 143 144 
241 152 58 57 
242 152 57 151 
243 152 151 144 
244 152 144 145 
245 153 59 58 
246 153 58 152 
247 153 152 145 
248 153 145 146 
249 154 60 59 
250 154 59 153 
251 154 153 146 
252 154 146 147 
253 155 61 60 
254 155 60 154 
255 159 158 148 
256 159 148 149 
257 160 159 149 
258 160 149 150 
259 161 151 57 
260 161 57 63 
261 161 63 62 
262 161 62 160 
263 161 160 150 
264 161 150 151 
265 162 67 61 
266 162 61 155 
267 163 68 67 
268 163 67 162 
269 163 162 155 
270 163 155 156 
271 164 69 68 
272 164 68 163 
273 167 166 157 
274 167 157 158 
275 168 167 158 
276 168 158 159 
277 169 160 62 
278 169 62 71 
279 169 71 70 
280 169 70 168 
281 169 168 159 
282 169 159 160 
283 170 78 69 
284 170 69 164 
285 171 79 78 
286 171 78 170 
287 173 172 165 
288 173 165 166 
289 174 173 166 
290 174 166 167 
291 175 168 70 
292 175 70 81 
293 175 81 80 
294 175 80 174 
295 175 174 167 
296 175 167 168 
297 177 87 79 
298 177 79 171 
299 177 171 170 
300 177 170 176 
301 180 179 172 
302 180 172 173 
303 181 174 80 
304 181 80 88 
305 181 180 173 
306 181 173 174 
307 182 93 87 
308 182 87 177 
309 184 183 178 
310 184 178 179 
311 185 184 179 
312 185 179 180 
313 186 181 88 
314 186 88 94 
315 186 185 180 
316 186 180 181 
317 187 98 93 
318 187 93 182 
319 189 188 183 
320 189 183 184 
321 190 189 184 
322 190 184 185 
323 191 186 94 
324 191 94 99 
325 191 190 185 
326 191 185 186 
327 194 193 188 
328 194 188 189 
329 195 194 189 
330 195 189 190 
331 196 191 99 
332 196 99 104 
333 196 195 190 
334 196 190 191 
335 197 109 103 
336 197 103 192 
337 199 198 193 
338 199 193 194 
339 200 199 194 
340 200 194 195 
341 201 196 104 
342 201 104 110 
343 201 200 195 
344 201 195 196 
345 202 201 110 
346 202 110 111 
347 204 117 109 
348 204 109 197 
349 206 205 199 
350 206 199 200 
351 207 206 200 
352 207 200 201 
353 208 202 111 
354 208 111 118 
355 208 207 201 
356 208 201 202 
357 210 127 117 
358 210 117 204 
359 210 209 126 
360 210 126 127 
361 210 204 203 
362 210 203 209 
363 212 211 206 
364 212 206 207 
365 213 208 118 
366 213 118 128 
367 213 212 207 
368 213 207 208 
369 214 213 128 
370 214 128 129 
371 215 214 129 
372 215 129 130 
373 217 216 134 
374 217 134 135 
375 218 136 126 
376 218 126 209 
377 218 217 135 
378 218 135 136 
379 220 219 211 
380 220 211 212 
381 221 220 212 
382 221 212 213 
383 222 221 213 
384 222 213 214 
385 223 215 130 
386 223 130 137 
387 223 222 214 
388 223 214 215 
389 224 223 137 
390 224 137 138 
391 225 224 138 
392 225 138 139 
393 226 225 139 
394 226 139 140 
395 227 141 134 
396 227 134 216 
397 227 226 140 
398 227 140 141 
399 228 227 216 
400 228 216 217 
401 230 229 221 
402 230 221 222 
403 231 230 222 
404 231 222 223 
405 232 231 223 
406 232 223 224 
407 233 232 224 
408 233 224 225 
409 234 233 225 
410 234 225 226 
411 243 143 142 
412 243 142 242 
413 243 242 235 
414 243 235 236 
415 244 144 143 
416 244 143 243 
417 244 243 236 
418 244 236 237 
419 245 145 144 
420 245 144 244 
421 245 244 237 
422 245 237 238 
423 246 146 145 
424 246 145 245 
425 247 147 146 
426 247 146 246 
427 251 250 239 
428 251 239 240 
429 252 251 240 
430 252 240 241 
431 253 242 142 
432 253 142 149 
433 253 149 148 
434 253 148 252 
435 253 252 241 
436 253 241 242 
437 254 154 147 
438 254 147 247 
439 255 155 154 
440 255 154 254 
441 255 254 247 
442 255 247 248 
443 256 156 155 
444 256 155 255 
445 259 258 249 
446 259 249 250 
447 260 259 250 
448 260 250 251 
449 261 252 148 
450 261 148 158 
451 261 158 157 
452 261 157 260 
453 261 260 251 
454 261 251 252 
455 262 163 156 
456 262 156 256 
457 263 164 163 
458 263 163 262 
459 265 264 257 
460 265 257 258 
461 266 265 258 
462 266 258 259 
463 267 260 157 
464 267 157 166 
465 267 166 165 
466 267 165 266 
467 267 266 259 
468 267 259 260 
469 268 170 164 
470 268 164 263 
471 271 270 264 
472 271 264 265 
473 272 266 165 
474 272 165 172 
475 272 271 265 
476 272 265 266 
477 273 176 170 
478 273 170 268 
479 274 177 176 
480 274 176 273 
481 276 275 269 
482 276 269 270 
483 277 276 270 
484 277 270 271 
485 278 272 172 
486 278 172 179 
487 278 179 178 
488 278 178 277 
489 278 277 271 
490 278 271 272 
491 280 182 177 
492 280 177 274 
493 280 274 273 
494 280 273 279 
495 282 281 275 
496 282 275 276 
497 283 277 178 
498 283 178 183 
499 283 282 276 
500 283 276 277 
501 284 187 182 
502 284 182 280 
503 286 285 281 
504 286 281 282 
505 287 283 183 
506 287 183 188 
507 287 286 282 
508 287 282 283 
509 288 192 187 
510 288 187 284 
511 290 289 285 
512 290 285 286 
513 291 287 188 
514 291 188 193 
515 291 290 286 
516 291 286 287 
517 293 197 192 
518 293 192 288 
519 295 294 289 
520 295 289 290 
521 296 291 193 
522 296 193 198 
523 296 295 290 
524 296 290 291 
525 297 296 198 
526 297 198 199 
527 299 204 197 
528 299 197 293 
529 299 298 203 
530 299 203 204 
531 299 293 292 
532 299 292 298 
533 301 300 295 
534 301 295 296 
535 302 297 199 
536 302 199 205 
537 302 301 296 
538 302 296 297 
539 303 302 205 
540 303 205 206 
541 304 209 203 
542 304 203 298 
543 306 305 300 
544 306 300 301 
545 307 306 301 
546 307 301 302 
547 308 303 206 
548 308 206 211 
549 308 307 302 
550 308 302 303 
551 310 218 209 
552 310 209 304 
553 310 309 217 
554 310 217 218 
555 312 311 306 
556 312 306 307 
557 313 308 211 
558 313 211 219 
559 313 312 307 
560 313 307 308 
561 314 313 219 
562 314 219 220 
563 315 314 220 
564 315 220 221 
565 317 316 226 
566 317 226 227 
567 318 228 217 
568 318 217 309 
569 318 317 227 
570 318 227 228 
571 320 319 312 
572 320 312 313 
573 321 320 313 
574 321 313 314 
575 322 315 221 
576 322 221 229 
577 322 321 314 
578 322 314 315 
579 323 322 229 
580 323 229 230 
581 324 323 230 
582 324 230 231 
583 325 324 231 
584 325 231 232 
585 326 325 232 
586 326 232 233 
587 327 234 226 
588 327 226 316 
589 327 326 233 
590 327 233 234 
591 328 327 316 
592 328 316 317 
593 330 329 321 
594 330 321 322 
595 331 330 322 
596 331 322 323 
597 332 331 323 
598 332 323 324 
599 333 332 324 
600 333 324 325 
601 334 333 325 
602 334 325 326 
603 339 236 235 
604 339 235 338 
605 340 237 236 
606 340 236 339 
607 341 238 237 
608 341 237 340 
609 346 240 239 
610 346 239 345 
611 346 345 335 
612 346 335 336 
613 347 241 240 
614 347 240 346 
615 347 346 336 
616 347 336 337 
617 348 338 235 
618 348 235 242 
619 348 242 241 
620 348 241 347 
621 348 347 337 
622 348 337 338 
623 349 245 238 
624 349 238 341 
625 350 246 245 
626 350 245 349 
627 350 349 341 
628 350 341 342 
629 351 247 246 
630 351 246 350 
631 352 248 247 
632 352 247 351 
633 355 354 343 
634 355 343 344 
635 356 345 239 
636 356 239 250 
637 356 250 249 
638 356 249 355 
639 356 355 344 
640 356 344 345 
641 358 255 248 
642 358 248 352 
643 358 352 351 
644 358 351 357 
645 359 256 255 
646 359 255 358 
647 361 360 353 
648 361 353 354 
649 362 355 249 
650 362 249 258 
651 362 258 257 
652 362 257 361 
653 362 361 354 
654 362 354 355 
655 364 262 256 
656 364 256 359 
657 364 359 358 
658 364 358 363 
659 365 263 262 
660 365 262 364 
661 368 361 257 
662 368 257 264 
663 368 367 360 
664 368 360 361 
665 370 268 263 
666 370 263 365 
667 370 365 364 
668 370 364 369 
669 372 371 366 
670 372 366 367 
671 373 368 264 
672 373 264 270 
673 373 270 269 
674 373 269 372 
675 373 372 367 
676 373 367 368 
677 374 273 268 
678 374 268 370 
679 376 372 269 
680 376 269 275 
681 376 375 371 
682 376 371 372 
683 377 279 273 
684 377 273 374 
685 378 280 279 
686 378 279 377 
687 380 376 275 
688 380 275 281 
689 380 379 375 
690 380 375 376 
691 382 284 280 
692 382 280 378 
693 382 378 377 
694 382 377 381 
695 384 380 281 
696 384 281 285 
697 384 383 379 
698 384 379 380 
699 386 288 284 
700 386 284 382 
701 386 382 381 
702 386 381 385 
703 388 384 285 
704 388 285 289 
705 388 387 383 
706 388 383 384 
707 390 293 288 
708 390 288 386 
709 390 389 292 
710 390 292 293 
711 390 386 385 
712 390 385 389 
713 392 388 289 
714 392 289 294 
715 392 391 387 
716 392 387 388 
717 393 392 294 
718 393 294 295 
719 394 298 292 
720 394 292 389 
721 396 395 391 
722 396 391 392 
723 397 393 295 
724 397 295 300 
725 397 396 392 
726 397 392 393 
727 399 304 298 
728 399 298 394 
729 401 397 300 
730 401 300 305 
731 401 400 396 
732 401 396 397 
733 402 401 305 
734 402 305 306 
735 404 310 304 
736 404 304 399 
737 404 403 309 
738 404 309 310 
739 404 399 398 
740 404 398 403 
741 406 405 400 
742 406 400 401 
743 407 402 306 
744 407 306 311 
745 407 406 401 
746 407 401 402 
747 408 407 311 
748 408 311 312 
749 410 318 309 
750 410 309 403 
751 410 409 317 
752 410 317 318 
753 412 411 406 
754 412 406 407 
755 413 408 312 
756 413 312 319 
757 413 412 407 
758 413 407 408 
759 414 413 319 
760 414 319 320 
761 415 414 320 
762 415 320 321 
763 417 416 326 
764 417 326 327 
765 418 328 317 
766 418 317 409 
767 418 417 327 
768 418 327 328 
769 420 419 413 
770 420 413 414 
771 421 415 321 
772 421 321 329 
773 421 420 414 
774 421 414 415 
775 422 421 329 
776 422 329 330 
777 423 422 330 
778 423 330 331 
779 424 423 331 
780 424 331 332 
781 425 424 332 
782 425 332 333 
783 426 334 326 
784 426 326 416 
785 426 425 333 
786 426 333 334 
787 436 336 335 
788 436 335 435 
789 436 435 427 
790 436 427 428 
791 437 337 336 
792 437 336 436 
793 437 436 428 
794 437 428 429 
795 438 338 337 
796 438 337 437 
797 438 437 429 
798 438 429 430 
799 439 339 338 
800 439 338 438 
801 439 438 430 
802 439 430 431 
803 440 340 339 
804 440 339 439 
805 440 439 431 
806 440 431 432 
807 441 341 340 
808 441 340 440 
809 442 342 341 
810 442 341 441 
811 445 344 343 
812 445 343 444 
813 445 444 433 
814 445 433 434 
815 446 435 335 
816 446 335 345 
817 446 345 344 
818 446 344 445 
819 446 445 434 
820 446 434 435 
821 447 350 342 
822 447 342 442 
823 448 351 350 
824 448 350 447 
825 451 444 343 
826 451 343 354 
827 451 354 353 
828 451 353 450 
829 451 450 443 
830 451 443 444 
831 452 357 351 
832 452 351 448 
833 453 358 357 
834 453 357 452 
835 456 450 353 
836 456 353 360 
837 456 455 449 
838 456 449 450 
839 457 363 358 
840 457 358 453 
841 458 364 363 
842 458 363 457 
843 460 459 454 
844 460 454 455 
845 461 456 360 
846 461 360 367 
847 461 367 366 
848 461 366 460 
849 461 460 455 
850 461 455 456 
851 462 369 364 
852 462 364 458 
853 463 370 369 
854 463 369 462 
855 465 460 366 
856 465 366 371 
857 465 464 459 
858 465 459 460 
859 467 374 370 
860 467 370 463 
861 467 463 462 
862 467 462 466 
863 470 465 371 
864 470 371 375 
865 470 469 464 
866 470 464 465 
867 471 377 374 
868 471 374 467 
869 473 472 468 
870 473 468 469 
871 474 470 375 
872 474 375 379 
873 474 473 469 
874 474 469 470 
875 475 381 377 
876 475 377 471 
877 477 476 472 
878 477 472 473 
879 478 474 379 
880 478 379 383 
881 478 477 473 
882 478 473 474 
883 479 385 381 
884 479 381 475 
885 481 480 476 
886 481 476 477 
887 482 478 383 
888 482 383 387 
889 482 481 477 
890 482 477 478 
891 483 389 385 
892 483 385 479 
893 485 482 387 
894 485 387 391 
895 485 484 481 
896 485 481 482 
897 487 394 389 
898 487 389 483 
899 489 485 391 
900 489 391 395 
901 489 488 484 
902 489 484 485 
903 490 489 395 
904 490 395 396 
905 492 399 394 
906 492 394 487 
907 492 491 398 
908 492 398 399 
909 492 487 486 
910 492 486 491 
911 494 493 488 
912 494 488 489 
913 495 490 396 
914 495 396 400 
915 495 494 489 
916 495 489 490 
917 497 403 398 
918 497 398 491 
919 499 495 400 
920 499 400 405 
921 499 498 494 
922 499 494 495 
923 500 499 405 
924 500 405 406 
925 503 410 403 
926 503 403 497 
927 503 502 409 
928 503 409 410 
929 503 497 496 
930 503 496 502 
931 505 500 406 
932 505 406 411 
933 505 504 499 
934 505 499 500 
935 506 505 411 
936 506 411 412 
937 507 506 412 
938 507 412 413 
939 509 508 416 
940 509 416 417 
941 510 418 409 
942 510 409 502 
943 510 509 417 
944 510 417 418 
945 510 502 501 
946 510 501 509 
947 512 511 505 
948 512 505 506 
949 513 507 413 
950 513 413 419 
951 513 512 506 
952 513 506 507 
953 514 513 419 
954 514 419 420 
955 515 514 420 
956 515 420 421 
957 516 515 421 
958 516 421 422 
959 517 516 422 
960 517 422 423 
961 518 517 423 
962 518 423 424 
963 519 518 424 
964 519 424 425 
965 520 426 416 
966 520 416 508 
967 520 519 425 
968 520 425 426 
969 522 521 513 
970 522 513 514 
971 523 522 514 
972 523 514 515 
973 524 523 515 
974 524 515 516 
975 525 524 516 
976 525 516 517 
977 526 525 517 
978 526 517 518 
979 529 428 427 
980 529 427 528 
981 530 429 428 
982 530 428 529 
983 531 430 429 
984 531 429 530 
985 532 431 430 
986 532 430 531 
987 533 432 431 
988 533 431 532 
989 536 434 433 
990 536 433 535 
991 537 528 427 
992 537 427 435 
993 537 435 434 
994 537 434 536 
995 537 536 527 
996 537 527 528 
997 538 440 432 
998 538 432 533 
999 539 441 440 
1000 539 440 538 
1001 540 442 441 
1002 540 441 539 
1003 543 535 433 
1004 543 433 444 
1005 543 444 443 
1006 543 443 542 
1007 543 542 534 
1008 543 534 535 
1009 544 447 442 
1010 544 442 540 
1011 545 448 447 
1012 545 447 544 
1013 548 542 443 
1014 548 443 450 
1015 548 450 449 
1016 548 449 547 
1017 548 547 541 
1018 548 541 542 
1019 549 452 448 
1020 549 448 545 
1021 550 453 452 
1022 550 452 549 
1023 553 547 449 
1024 553 449 455 
1025 553 455 454 
1026 553 454 552 
1027 553 552 546 
1028 553 546 547 
1029 554 457 453 
1030 554 453 550 
1031 555 458 457 
1032 555 457 554 
1033 557 552 454 
1034 557 454 459 
1035 557 556 551 
1036 557 551 552 
1037 558 462 458 
1038 558 458 555 
1039 560 557 459 
1040 560 459 464 
1041 560 559 556 
1042 560 556 557 
1043 561 466 462 
1044 561 462 558 
1045 562 467 466 
1046 562 466 561 
1047 565 560 464 
1048 565 464 469 
1049 565 469 468 
1050 565 468 564 
1051 565 564 559 
1052 565 559 560 
1053 567 471 467 
1054 567 467 562 
1055 567 562 561 
1056 567 561 566 
1057 569 564 468 
1058 569 468 472 
1059 569 568 563 
1060 569 563 564 
1061 570 475 471 
1062 570 471 567 
1063 572 569 472 
1064 572 472 476 
1065 572 571 568 
1066 572 568 569 
1067 573 479 475 
1068 573 475 570 
1069 575 572 476 
1070 575 476 480 
1071 575 574 571 
1072 575 571 572 
1073 576 575 480 
1074 576 480 481 
1075 578 483 479 
1076 578 479 573 
1077 580 576 481 
1078 580 481 484 
1079 580 579 575 
1080 580 575 576 
1081 582 487 483 
1082 582 483 578 
1083 582 581 486 
1084 582 486 487 
1085 582 578 577 
1086 582 577 581 
1087 584 580 484 
1088 584 484 488 
1089 584 583 579 
1090 584 579 580 
1091 585 491 486 
1092 585 486 581 
1093 587 584 488 
1094 587 488 493 
1095 587 586 583 
1096 587 583 584 
1097 588 587 493 
1098 588 493 494 
1099 590 497 491 
1100 590 491 585 
1101 590 589 496 
1102 590 496 497 
1103 592 588 494 
1104 592 494 498 
1105 592 591 587 
1106 592 587 588 
1107 593 592 498 
1108 593 498 499 
1109 595 502 496 
1110 595 496 589 
1111 595 594 501 
1112 595 501 502 
1113 597 593 499 
1114 597 499 504 
1115 597 596 592 
1116 597 592 593 
1117 598 597 504 
1118 598 504 505 
1119 600 509 501 
1120 600 501 594 
1121 600 599 508 
1122 600 508 509 
1123 602 598 505 
1124 602 505 511 
1125 602 601 597 
1126 602 597 598 
1127 603 602 511 
1128 603 511 512 
1129 604 603 512 
1130 604 512 513 
1131 606 605 518 
1132 606 518 519 
1133 607 520 508 
1134 607 508 599 
1135 607 606 519 
1136 607 519 520 
1137 609 604 513 
1138 609 513 521 
1139 609 608 603 
1140 609 603 604 
1141 610 609 521 
1142 610 521 522 
1143 611 610 522 
1144 611 522 523 
1145 612 611 523 
1146 612 523 524 
1147 613 612 524 
1148 613 524 525 
1149 614 526 518 
1150 614 518 605 
1151 614 613 525 
1152 614 525 526 
1153 617 528 527 
1154 617 527 616 
1155 618 529 528 
1156 618 528 617 
1157 619 530 529 
1158 619 529 618 
1159 620 531 530 
1160 620 530 619 
1161 621 532 531 
1162 621 531 620 
1163 622 533 532 
1164 622 532 621 
1165 625 535 534 
1166 625 534 624 
1167 626 616 527 
1168 626 527 536 
1169 626 536 535 
1170 626 535 625 
1171 626 625 615 
1172 626 615 616 
1173 627 538 533 
1174 627 533 622 
1175 628 539 538 
1176 628 538 627 
1177 629 540 539 
1178 629 539 628 
1179 632 624 534 
1180 632 534 542 
1181 632 542 541 
1182 632 541 631 
1183 632 631 623 
1184 632 623 624 
1185 633 544 540 
1186 633 540 629 
1187 634 545 544 
1188 634 544 633 
1189 637 631 541 
1190 637 541 547 
1191 637 547 546 
1192 637 546 636 
1193 637 636 630 
1194 637 630 631 
1195 638 549 545 
1196 638 545 634 
1197 639 550 549 
1198 639 549 638 
1199 641 636 546 
1200 641 546 552 
1201 641 552 551 
1202 641 551 640 
1203 641 640 635 
1204 641 635 636 
1205 642 554 550 
1206 642 550 639 
1207 643 555 554 
1208 643 554 642 
1209 645 640 551 
1210 645 551 556 
1211 646 558 555 
1212 646 555 643 
1213 648 645 556 
1214 648 556 559 
1215 648 647 644 
1216 648 644 645 
1217 649 561 558 
1218 649 558 646 
1219 651 648 559 
1220 651 559 564 
1221 651 564 563 
1222 651 563 650 
1223 651 650 647 
1224 651 647 648 
1225 652 566 561 
1226 652 561 649 
1227 653 567 566 
1228 653 566 652 
1229 654 650 563 
1230 654 563 568 
1231 656 570 567 
1232 656 567 653 
1233 656 653 652 
1234 656 652 655 
1235 657 654 568 
1236 657 568 571 
1237 659 573 570 
1238 659 570 656 
1239 660 657 571 
1240 660 571 574 
1241 661 660 574 
1242 661 574 575 
1243 663 578 573 
1244 663 573 659 
1245 663 662 577 
1246 663 577 578 
1247 663 659 658 
1248 663 658 662 
1249 665 661 575 
1250 665 575 579 
1251 665 664 660 
1252 665 660 661 
1253 666 581 577 
1254 666 577 662 
1255 668 665 579 
1256 668 579 583 
1257 668 667 664 
1258 668 664 665 
1259 669 585 581 
1260 669 581 666 
1261 670 668 583 
1262 670 583 586 
1263 671 670 586 
1264 671 586 587 
1265 673 590 585 
1266 673 585 669 
1267 673 672 589 
1268 673 589 590 
1269 675 671 587 
1270 675 587 591 
1271 675 674 670 
1272 675 670 671 
1273 676 675 591 
1274 676 591 592 
1275 678 595 589 
1276 678 589 672 
1277 678 677 594 
1278 678 594 595 
1279 680 676 592 
1280 680 592 596 
1281 680 679 675 
1282 680 675 676 
1283 681 680 596 
1284 681 596 597 
1285 683 600 594 
1286 683 594 677 
1287 683 682 599 
1288 683 599 600 
1289 685 681 597 
1290 685 597 601 
1291 685 684 680 
1292 685 680 681 
1293 686 685 601 
1294 686 601 602 
1295 687 686 602 
1296 687 602 603 
1297 689 688 605 
1298 689 605 606 
1299 690 607 599 
1300 690 599 682 
1301 690 689 606 
1302 690 606 607 
1303 692 687 603 
1304 692 603 608 
1305 692 691 686 
1306 692 686 687 
1307 693 692 608 
1308 693 608 609 
1309 694 693 609 
1310 694 609 610 
1311 695 694 610 
1312 695 610 611 
1313 696 695 611 
1314 696 611 612 
1315 697 696 612 
1316 697 612 613 
1317 698 614 605 
1318 698 605 688 
1319 698 697 613 
1320 698 613 614 
1321 699 698 688 
1322 699 688 689 
1323 701 616 615 
1324 701 615 700 
1325 702 617 616 
1326 702 616 701 
1327 703 618 617 
1328 703 617 702 
1329 704 619 618 
1330 704 618 703 
1331 705 620 619 
1332 705 619 704 
1333 706 621 620 
1334 706 620 705 
1335 707 622 621 
1336 707 621 706 
1337 709 624 623 
1338 709 623 708 
1339 710 700 615 
1340 710 615 625 
1341 710 625 624 
1342 710 624 709 
1343 711 627 622 
1344 711 622 707 
1345 712 628 627 
1346 712 627 711 
1347 713 629 628 
1348 713 628 712 
1349 715 708 623 
1350 715 623 631 
1351 715 631 630 
1352 715 630 714 
1353 716 633 629 
1354 716 629 713 
1355 717 634 633 
1356 717 633 716 
1357 719 714 630 
1358 719 630 636 
1359 719 636 635 
1360 719 635 718 
1361 720 638 634 
1362 720 634 717 
1363 721 639 638 
1364 721 638 720 
1365 722 718 635 
1366 722 635 640 
1367 723 642 639 
1368 723 639 721 
1369 724 643 642 
1370 724 642 723 
1371 726 722 640 
1372 726 640 645 
1373 726 645 644 
1374 726 644 725 
1375 728 646 643 
1376 728 643 724 
1377 728 724 723 
1378 728 723 727 
1379 729 725 644 
1380 729 644 647 
1381 730 649 646 
1382 730 646 728 
1383 731 729 647 
1384 731 647 650 
1385 732 652 649 
1386 732 649 730 
1387 733 731 650 
1388 733 650 654 
1389 734 655 652 
1390 734 652 732 
1391 735 656 655 
1392 735 655 734 
1393 736 733 654 
1394 736 654 657 
1395 738 659 656 
1396 738 656 735 
1397 738 737 658 
1398 738 658 659 
1399 738 735 734 
1400 738 734 737 
1401 739 736 657 
1402 739 657 660 
1403 740 662 658 
1404 740 658 737 
1405 741 739 660 
1406 741 660 664 
1407 742 666 662 
1408 742 662 740 
1409 743 741 664 
1410 743 664 667 
1411 744 743 667 
1412 744 667 668 
1413 745 669 666 
1414 745 666 742 
1415 746 744 668 
1416 746 668 670 
1417 748 673 669 
1418 748 669 745 
1419 748 747 672 
1420 748 672 673 
1421 749 746 670 
1422 749 670 674 
1423 750 749 674 
1424 750 674 675 
1425 752 678 672 
1426 752 672 747 
1427 752 751 677 
1428 752 677 678 
1429 753 750 675 
1430 753 675 679 
1431 754 753 679 
1432 754 679 680 
1433 756 683 677 
1434 756 677 751 
1435 756 755 682 
1436 756 682 683 
1437 757 754 680 
1438 757 680 684 
1439 758 757 684 
1440 758 684 685 
1441 759 758 685 
1442 759 685 686 
1443 761 690 682 
1444 761 682 755 
1445 761 760 689 
1446 761 689 690 
1447 762 759 686 
1448 762 686 691 
1449 763 762 691 
1450 763 691 692 
1451 764 763 692 
1452 764 692 693 
1453 765 764 693 
1454 765 693 694 
1455 766 765 694 
1456 766 694 695 
1457 767 766 695 
1458 767 695 696 
1459 768 767 696 
1460 768 696 697 
1461 769 768 697 
1462 769 697 698 
1463 770 699 689 
1464 770 689 760 
1465 770 769 698 
1466 770 698 699 
1467 772 701 700 
1468 772 700 771 
1469 773 702 701 
1470 773 701 772 
1471 774 703 702 
1472 774 702 773 
1473 775 704 703 
1474 775 703 774 
1475 776 705 704 
1476 776 704 775 
1477 777 706 705 
1478 777 705 776 
1479 778 707 706 
1480 778 706 777 
1481 780 709 708 
1482 780 708 779 
1483 781 771 700 
1484 781 700 710 
1485 781 710 709 
1486 781 709 780 
1487 782 711 707 
1488 782 707 778 
1489 783 712 711 
1490 783 711 782 
1491 784 713 712 
1492 784 712 783 
1493 786 779 708 
1494 786 708 715 
1495 786 715 714 
1496 786 714 785 
1497 787 716 713 
1498 787 713 784 
1499 788 717 716 
1500 788 716 787 
1501 790 785 714 
1502 790 714 719 
1503 790 719 718 
1504 790 718 789 
1505 791 720 717 
1506 791 717 788 
1507 792 721 720 
1508 792 720 791 
1509 793 789 718 
1510 793 718 722 
1511 794 723 721 
1512 794 721 792 
1513 797 793 722 
1514 797 722 726 
1515 797 726 725 
1516 797 725 796 
1517 798 727 723 
1518 798 723 794 
1519 799 728 727 
1520 799 727 798 
1521 799 798 794 
1522 799 794 795 
1523 800 796 725 
1524 800 725 729 
1525 801 730 728 
1526 801 728 799 
1527 802 800 729 
1528 802 729 731 
1529 803 732 730 
1530 803 730 801 
1531 804 802 731 
1532 804 731 733 
1533 805 734 732 
1534 805 732 803 
1535 806 804 733 
1536 806 733 736 
1537 807 737 734 
1538 807 734 805 
1539 808 806 736 
1540 808 736 739 
1541 809 740 737 
1542 809 737 807 
1543 810 808 739 
1544 810 739 741 
1545 811 742 740 
1546 811 740 809 
1547 812 810 741 
1548 812 741 743 
1549 813 812 743 
1550 813 743 744 
1551 814 745 742 
1552 814 742 811 
1553 815 813 744 
1554 815 744 746 
1555 817 748 745 
1556 817 745 814 
1557 817 816 747 
1558 817 747 748 
1559 818 815 746 
1560 818 746 749 
1561 819 818 749 
1562 819 749 750 
1563 821 752 747 
1564 821 747 816 
1565 821 820 751 
1566 821 751 752 
1567 822 819 750 
1568 822 750 753 
1569 823 822 753 
1570 823 753 754 
1571 825 756 751 
1572 825 751 820 
1573 825 824 755 
1574 825 755 756 
1575 826 823 754 
1576 826 754 757 
1577 827 826 757 
1578 827 757 758 
1579 828 827 758 
1580 828 758 759 
1581 830 761 755 
1582 830 755 824 
1583 830 829 760 
1584 830 760 761 
1585 831 828 759 
1586 831 759 762 
1587 832 831 762 
1588 832 762 763 
1589 833 832 763 
1590 833 763 764 
1591 834 833 764 
1592 834 764 765 
1593 835 834 765 
1594 835 765 766 
1595 836 835 766 
1596 836 766 767 
1597 837 836 767 
1598 837 767 768 
1599 838 837 768 
1600 838 768 769 
1601 839 770 760 
1602 839 760 829 
1603 839 838 769 
1604 839 769 770 
1605 841 772 771 
1606 841 771 840 
1607 842 773 772 
1608 842 772 841 
1609 843 774 773 
1610 843 773 842 
1611 844 775 774 
1612 844 774 843 
1613 845 776 775 
1614 845 775 844 
1615 846 777 776 
1616 846 776 845 
1617 847 778 777 
1618 847 777 846 
1619 849 780 779 
1620 849 779 848 
1621 850 840 771 
1622 850 771 781 
1623 850 781 780 
1624 850 780 849 
1625 851 841 840 
1626 851 840 850 
1627 852 782 778 
1628 852 778 847 
1629 853 783 782 
1630 853 782 852 
1631 854 784 783 
1632 854 783 853 
1633 856 848 779 
1634 856 779 786 
1635 856 786 785 
1636 856 785 855 
1637 857 849 848 
1638 857 848 856 
1639 858 787 784 
1640 858 784 854 
1641 859 788 787 
1642 859 787 858 
1643 861 855 785 
1644 861 785 790 
1645 861 790 789 
1646 861 789 860 
1647 862 856 855 
1648 862 855 861 
1649 863 791 788 
1650 863 788 859 
1651 864 792 791 
1652 864 791 863 
1653 865 860 789 
1654 865 789 793 
1655 866 861 860 
1656 866 860 865 
1657 867 794 792 
1658 867 792 864 
1659 868 795 794 
1660 868 794 867 
1661 870 865 793 
1662 870 793 797 
1663 870 797 796 
1664 870 796 869 
1665 871 799 795 
1666 871 795 868 
1667 872 869 796 
1668 872 796 800 
1669 873 870 869 
1670 873 869 872 
1671 874 801 799 
1672 874 799 871 
1673 875 872 800 
1674 875 800 802 
1675 876 873 872 
1676 876 872 875 
1677 877 803 801 
1678 877 801 874 
1679 879 875 802 
1680 879 802 804 
1681 880 805 803 
1682 880 803 877 
1683 881 880 877 
1684 881 877 878 
1685 882 879 804 
1686 882 804 806 
1687 883 807 805 
1688 883 805 880 
1689 884 883 880 
1690 884 880 881 
1691 885 882 806 
1692 885 806 808 
1693 887 809 807 
1694 887 807 883 
1695 888 887 883 
1696 888 883 884 
1697 889 885 808 
1698 889 808 810 
1699 890 886 885 
1700 890 885 889 
1701 891 811 809 
1702 891 809 887 
1703 892 889 810 
1704 892 810 812 
1705 893 892 812 
1706 893 812 813 
1707 893 890 889 
1708 893 889 892 
1709 894 814 811 
1710 894 811 891 
1711 895 893 813 
1712 895 813 815 
1713 898 817 814 
1714 898 814 894 
1715 898 897 816 
1716 898 816 817 
1717 899 895 815 
1718 899 815 818 
1719 900 899 818 
1720 900 818 819 
1721 900 896 895 
1722 900 895 899 
1723 903 821 816 
1724 903 816 897 
1725 903 902 820 
1726 903 820 821 
1727 904 900 819 
1728 904 819 822 
1729 905 904 822 
1730 905 822 823 
1731 905 901 900 
1732 905 900 904 
1733 908 825 820 
1734 908 820 902 
1735 908 907 824 
1736 908 824 825 
1737 909 905 823 
1738 909 823 826 
1739 910 909 826 
1740 910 826 827 
1741 910 906 905 
1742 910 905 909 
1743 911 910 827 
1744 911 827 828 
1745 915 830 824 
1746 915 824 907 
1747 915 914 829 
1748 915 829 830 
1749 916 911 828 
1750 916 828 831 
1751 917 916 831 
1752 917 831 832 
1753 917 912 911 
1754 917 911 916 
1755 918 917 832 
1756 918 832 833 
1757 919 918 833 
1758 919 833 834 
1759 920 919 834 
1760 920 834 835 
1761 921 920 835 
1762 921 835 836 
1763 922 921 836 
1764 922 836 837 
1765 923 922 837 
1766 923 837 838 
1767 924 839 829 
1768 924 829 914 
1769 924 923 838 
1770 924 838 839 
1771 924 914 913 
1772 924 913 923 
1773 926 842 841 
1774 926 841 925 
1775 927 843 842 
1776 927 842 926 
1777 928 844 843 
1778 928 843 927 
1779 929 845 844 
1780 929 844 928 
1781 930 846 845 
1782 930 845 929 
1783 931 847 846 
1784 931 846 930 
1785 933 850 849 
1786 933 849 932 
1787 934 925 841 
1788 934 841 851 
1789 934 851 850 
1790 934 850 933 
1791 935 926 925 
1792 935 925 934 
1793 936 852 847 
1794 936 847 931 
1795 937 853 852 
1796 937 852 936 
1797 938 854 853 
1798 938 853 937 
1799 940 932 849 
1800 940 849 857 
1801 940 857 856 
1802 940 856 939 
1803 941 933 932 
1804 941 932 940 
1805 942 858 854 
1806 942 854 938 
1807 943 859 858 
1808 943 858 942 
1809 945 939 856 
1810 945 856 862 
1811 945 862 861 
1812 945 861 944 
1813 946 940 939 
1814 946 939 945 
1815 947 863 859 
1816 947 859 943 
1817 948 864 863 
1818 948 863 947 
1819 950 944 861 
1820 950 861 866 
1821 950 866 865 
1822 950 865 949 
1823 951 945 944 
1824 951 944 950 
1825 952 867 864 
1826 952 864 948 
1827 953 868 867 
1828 953 867 952 
1829 954 949 865 
1830 954 865 870 
1831 955 950 949 
1832 955 949 954 
1833 956 871 868 
1834 956 868 953 
1835 957 954 870 
1836 957 870 873 
1837 958 955 954 
1838 958 954 957 
1839 959 874 871 
1840 959 871 956 
1841 962 957 873 
1842 962 873 876 
1843 962 876 875 
1844 962 875 961 
1845 963 877 874 
1846 963 874 959 
1847 964 878 877 
1848 964 877 963 
1849 964 963 959 
1850 964 959 960 
1851 965 961 875 
1852 965 875 879 
1853 966 962 961 
1854 966 961 965 
1855 967 881 878 
1856 967 878 964 
1857 968 965 879 
1858 968 879 882 
1859 969 966 965 
1860 969 965 968 
1861 970 884 881 
1862 970 881 967 
1863 971 968 882 
1864 971 882 885 
1865 972 971 885 
1866 972 885 886 
1867 972 969 968 
1868 972 968 971 
1869 974 888 884 
1870 974 884 970 
1871 974 973 887 
1872 974 887 888 
1873 975 972 886 
1874 975 886 890 
1875 977 891 887 
1876 977 887 973 
1877 978 977 973 
1878 978 973 974 
1879 979 975 890 
1880 979 890 893 
1881 980 976 975 
1882 980 975 979 
1883 981 894 891 
1884 981 891 977 
1885 982 979 893 
1886 982 893 895 
1887 983 982 895 
1888 983 895 896 
1889 983 980 979 
1890 983 979 982 
1891 986 898 894 
1892 986 894 981 
1893 986 985 897 
1894 986 897 898 
1895 987 983 896 
1896 987 896 900 
1897 988 987 900 
1898 988 900 901 
1899 988 984 983 
1900 988 983 987 
1901 991 903 897 
1902 991 897 985 
1903 991 990 902 
1904 991 902 903 
1905 992 988 901 
1906 992 901 905 
1907 993 992 905 
1908 993 905 906 
1909 993 989 988 
1910 993 988 992 
1911 996 908 902 
1912 996 902 990 
1913 996 995 907 
1914 996 907 908 
1915 997 993 906 
1916 997 906 910 
1917 998 997 910 
1918 998 910 911 
1919 998 994 993 
1920 998 993 997 
1921 999 998 911 
1922 999 911 912 
1923 1002 1001 913 
1924 1002 913 914 
1925 1003 915 907 
1926 1003 907 995 
1927 1003 1002 914 
1928 1003 914 915 
1929 1004 999 912 
1930 1004 912 917 
1931 1005 1004 917 
1932 1005 917 918 
1933 1005 1000 999 
1934 1005 999 1004 
1935 1006 1005 918 
1936 1006 918 919 
1937 1007 1006 919 
1938 1007 919 920 
1939 1008 1007 920 
1940 1008 920 921 
1941 1009 1008 921 
1942 1009 921 922 
1943 1010 923 913 
1944 1010 913 1001 
1945 1010 1009 922 
1946 1010 922 923 
1947 1012 927 926 
1948 1012 926 1011 
1949 1013 928 927 
1950 1013 927 1012 
1951 1014 929 928 
1952 1014 928 1013 
1953 1015 930 929 
1954 1015 929 1014 
1955 1016 931 930 
1956 1016 930 1015 
1957 1018 934 933 
1958 1018 933 1017 
1959 1019 1011 926 
1960 1019 926 935 
1961 1019 935 934 
1962 1019 934 1018 
1963 1020 1012 1011 
1964 1020 1011 1019 
1965 1021 1013 1012 
1966 1021 1012 1020 
1967 1022 1014 1013 
1968 1022 1013 1021 
1969 1023 1015 1014 
1970 1023 1014 1022 
1971 1024 936 931 
1972 1024 931 1016 
1973 1024 1016 1015 
1974 1024 1015 1023 
1975 1025 937 936 
1976 1025 936 1024 
1977 1026 938 937 
1978 1026 937 1025 
1979 1028 1017 933 
1980 1028 933 941 
1981 1028 941 940 
1982 1028 940 1027 
1983 1029 1018 1017 
1984 1029 1017 1028 
1985 1030 1019 1018 
1986 1030 1018 1029 
1987 1031 942 938 
1988 1031 938 1026 
1989 1032 943 942 
1990 1032 942 1031 
1991 1034 1027 940 
1992 1034 940 946 
1993 1034 946 945 
1994 1034 945 1033 
1995 1035 1028 1027 
1996 1035 1027 1034 
1997 1036 947 943 
1998 1036 943 1032 
1999 1037 948 947 
2000 1037 947 1036 
2001 1039 1033 945 
2002 1039 945 951 
2003 1039 951 950 
2004 1039 950 1038 
2005 1040 1034 1033 
2006 1040 1033 1039 
2007 1041 952 948 
2008 1041 948 1037 
2009 1042 953 952 
2010 1042 952 1041 
2011 1043 1038 950 
2012 1043 950 955 
2013 1044 1039 1038 
2014 1044 1038 1043 
2015 1045 956 953 
2016 1045 953 1042 
2017 1048 1043 955 
2018 1048 955 958 
2019 1048 958 957 
2020 1048 957 1047 
2021 1049 1044 1043 
2022 1049 1043 1048 
2023 1050 959 956 
2024 1050 956 1045 
2025 1051 960 959 
2026 1051 959 1050 
2027 1051 1050 1045 
2028 1051 1045 1046 
2029 1052 1047 957 
2030 1052 957 962 
2031 1053 1048 1047 
2032 1053 1047 1052 
2033 1054 1049 1048 
2034 1054 1048 1053 
2035 1055 964 960 
2036 1055 960 1051 
2037 1056 1052 962 
2038 1056 962 966 
2039 1057 1053 1052 
2040 1057 1052 1056 
2041 1058 967 964 
2042 1058 964 1055 
2043 1059 1056 966 
2044 1059 966 969 
2045 1060 1057 1056 
2046 1060 1056 1059 
2047 1061 970 967 
2048 1061 967 1058 
2049 1062 1059 969 
2050 1062 969 972 
2051 1063 1060 1059 
2052 1063 1059 1062 
2053 1065 974 970 
2054 1065 970 1061 
2055 1066 1062 972 
2056 1066 972 975 
2057 1067 1066 975 
2058 1067 975 976 
2059 1067 1063 1062 
2060 1067 1062 1066 
2061 1068 1064 1063 
2062 1068 1063 1067 
2063 1070 978 974 
2064 1070 974 1065 
2065 1070 1069 977 
2066 1070 977 978 
2067 1071 1067 976 
2068 1071 976 980 
2069 1072 1068 1067 
2070 1072 1067 1071 
2071 1073 981 977 
2072 1073 977 1069 
2073 1074 1073 1069 
2074 1074 1069 1070 
2075 1075 1071 980 
2076 1075 980 983 
2077 1076 1075 983 
2078 1076 983 984 
2079 1076 1072 1071 
2080 1076 1071 1075 
2081 1079 986 981 
2082 1079 981 1073 
2083 1079 1078 985 
2084 1079 985 986 
2085 1080 1076 984 
2086 1080 984 988 
2087 1081 1080 988 
2088 1081 988 989 
2089 1081 1077 1076 
2090 1081 1076 1080 
2091 1084 991 985 
2092 1084 985 1078 
2093 1084 1083 990 
2094 1084 990 991 
2095 1085 1084 1078 
2096 1085 1078 1079 
2097 1086 1081 989 
2098 1086 989 993 
2099 1087 1086 993 
2100 1087 993 994 
2101 1087 1082 1081 
2102 1087 1081 1086 
2103 1090 996 990 
2104 1090 990 1083 
2105 1090 1089 995 
2106 1090 995 996 
2107 1091 1090 1083 
2108 1091 1083 1084 
2109 1092 1087 994 
2110 1092 994 998 
2111 1093 1092 998 
2112 1093 998 999 
2113 1093 1088 1087 
2114 1093 1087 1092 
2115 1094 1093 999 
2116 1094 999 1000 
2117 1100 1099 1001 
2118 1100 1001 1002 
2119 1101 1003 995 
2120 1101 995 1089 
2121 1101 1100 1002 
2122 1101 1002 1003 
2123 1102 1094 1000 
2124 1102 1000 1005 
2125 1103 1102 1005 
2126 1103 1005 1006 
2127 1103 1095 1094 
2128 1103 1094 1102 
2129 1104 1103 1006 
2130 1104 1006 1007 
2131 1104 1096 1095 
2132 1104 1095 1103 
2133 1105 1104 1007 
2134 1105 1007 1008 
2135 1105 1097 1096 
2136 1105 1096 1104 
2137 1106 1105 1008 
2138 1106 1008 1009 
2139 1107 1010 1001 
2140 1107 1001 1099 
2141 1107 1106 1009 
2142 1107 1009 1010 
2143 1107 1099 1098 
2144 1107 1098 1106 
2145 1109 1020 1019 
2146 1109 1019 1108 
2147 1110 1021 1020 
2148 1110 1020 1109 
2149 1111 1022 1021 
2150 1111 1021 1110 
2151 1112 1023 1022 
2152 1112 1022 1111 
2153 1113 1024 1023 
2154 1113 1023 1112 
2155 1114 1025 1024 
2156 1114 1024 1113 
2157 1115 1026 1025 
2158 1115 1025 1114 
2159 1117 1029 1028 
2160 1117 1028 1116 
2161 1118 1108 1019 
2162 1118 1019 1030 
2163 1118 1030 1029 
2164 1118 1029 1117 
2165 1119 1109 1108 
2166 1119 1108 1118 
2167 1120 1110 1109 
2168 1120 1109 1119 
2169 1122 1031 1026 
2170 1122 1026 1115 
2171 1122 1115 1114 
2172 1122 1114 1121 
2173 1123 1032 1031 
2174 1123 1031 1122 
2175 1126 1116 1028 
2176 1126 1028 1035 
2177 1126 1035 1034 
2178 1126 1034 1125 
2179 1127 1117 1116 
2180 1127 1116 1126 
2181 1128 1118 1117 
2182 1128 1117 1127 
2183 1129 1036 1032 
2184 1129 1032 1123 
2185 1130 1037 1036 
2186 1130 1036 1129 
2187 1130 1129 1123 
2188 1130 1123 1124 
2189 1133 1125 1034 
2190 1133 1034 1040 
2191 1133 1040 1039 
2192 1133 1039 1132 
2193 1134 1126 1125 
2194 1134 1125 1133 
2195 1135 1127 1126 
2196 1135 1126 1134 
2197 1136 1041 1037 
2198 1136 1037 1130 
2199 1137 1042 1041 
2200 1137 1041 1136 
2201 1137 1136 1130 
2202 1137 1130 1131 
2203 1138 1132 1039 
2204 1138 1039 1044 
2205 1139 1133 1132 
2206 1139 1132 1138 
2207 1140 1134 1133 
2208 1140 1133 1139 
2209 1141 1045 1042 
2210 1141 1042 1137 
2211 1142 1046 1045 
2212 1142 1045 1141 
2213 1143 1138 1044 
2214 1143 1044 1049 
2215 1144 1139 1138 
2216 1144 1138 1143 
2217 1145 1140 1139 
2218 1145 1139 1144 
2219 1146 1051 1046 
2220 1146 1046 1142 
2221 1148 1143 1049 
2222 1148 1049 1054 
2223 1148 1054 1053 
2224 1148 1053 1147 
2225 1149 1144 1143 
2226 1149 1143 1148 
2227 1150 1055 1051 
2228 1150 1051 1146 
2229 1152 1147 1053 
2230 1152 1053 1057 
2231 1153 1148 1147 
2232 1153 1147 1152 
2233 1154 1149 1148 
2234 1154 1148 1153 
2235 1155 1058 1055 
2236 1155 1055 1150 
2237 1156 1155 1150 
2238 1156 1150 1151 
2239 1157 1152 1057 
2240 1157 1057 1060 
2241 1158 1153 1152 
2242 1158 1152 1157 
2243 1159 1154 1153 
2244 1159 1153 1158 
2245 1160 1061 1058 
2246 1160 1058 1155 
2247 1161 1160 1155 
2248 1161 1155 1156 
2249 1162 1157 1060 
2250 1162 1060 1063 
2251 1163 1162 1063 
2252 1163 1063 1064 
2253 1163 1158 1157 
2254 1163 1157 1162 
2255 1164 1159 1158 
2256 1164 1158 1163 
2257 1165 1065 1061 
2258 1165 1061 1160 
2259 1166 1165 1160 
2260 1166 1160 1161 
2261 1167 1163 1064 
2262 1167 1064 1068 
2263 1168 1164 1163 
2264 1168 1163 1167 
2265 1170 1070 1065 
2266 1170 1065 1165 
2267 1171 1167 1068 
2268 1171 1068 1072 
2269 1172 1168 1167 
2270 1172 1167 1171 
2271 1173 1169 1168 
2272 1173 1168 1172 
2273 1175 1074 1070 
2274 1175 1070 1170 
2275 1175 1174 1073 
2276 1175 1073 1074 
2277 1176 1171 1072 
2278 1176 1072 1076 
2279 1177 1176 1076 
2280 1177 1076 1077 
2281 1177 1172 1171 
2282 1177 1171 1176 
2283 1178 1173 1172 
2284 1178 1172 1177 
2285 1180 1079 1073 
2286 1180 1073 1174 
2287 1181 1180 1174 
2288 1181 1174 1175 
2289 1182 1177 1077 
2290 1182 1077 1081 
2291 1183 1182 1081 
2292 1183 1081 1082 
2293 1183 1178 1177 
2294 1183 1177 1182 
2295 1184 1179 1178 
2296 1184 1178 1183 
2297 1187 1085 1079 
2298 1187 1079 1180 
2299 1187 1186 1084 
2300 1187 1084 1085 
2301 1188 1183 1082 
2302 1188 1082 1087 
2303 1189 1188 1087 
2304 1189 1087 1088 
2305 1189 1184 1183 
2306 1189 1183 1188 
2307 1190 1185 1184 
2308 1190 1184 1189 
2309 1194 1193 1089 
2310 1194 1089 1090 
2311 1195 1091 1084 
2312 1195 1084 1186 
2313 1195 1194 1090 
2314 1195 1090 1091 
2315 1196 1189 1088 
2316 1196 1088 1093 
2317 1197 1196 1093 
2318 1197 1093 1094 
2319 1197 1190 1189 
2320 1197 1189 1196 
2321 1198 1197 1094 
2322 1198 1094 1095 
2323 1198 1191 1190 
2324 1198 1190 1197 
2325 1199 1198 1095 
2326 1199 1095 1096 
2327 1199 1192 1191 
2328 1199 1191 1198 
2329 1200 1199 1096 
2330 1200 1096 1097 
2331 1202 1201 1098 
2332 1202 1098 1099 
2333 1203 1202 1099 
2334 1203 1099 1100 
2335 1204 1101 1089 
2336 1204 1089 1193 
2337 1204 1203 1100 
2338 1204 1100 1101 
2339 1205 1200 1097 
2340 1205 1097 1105 
2341 1206 1106 1098 
2342 1206 1098 1201 
2343 1206 1205 1105 
2344 1206 1105 1106 
2345 1206 1201 1200 
2346 1206 1200 1205 
2347 1208 1111 1110 
2348 1208 1110 1207 
2349 1209 1112 1111 
2350 1209 1111 1208 
2351 1210 1113 1112 
2352 1210 1112 1209 
2353 1211 1114 1113 
2354 1211 1113 1210 
2355 1213 1119 1118 
2356 1213 1118 1212 
2357 1214 1207 1110 
2358 1214 1110 1120 
2359 1214 1120 1119 
2360 1214 1119 1213 
2361 1215 1208 1207 
2362 1215 1207 1214 
2363 1216 1209 1208 
2364 1216 1208 1215 
2365 1217 1210 1209 
2366 1217 1209 1216 
2367 1218 1121 1114 
2368 1218 1114 1211 
2369 1218 1211 1210 
2370 1218 1210 1217 
2371 1219 1122 1121 
2372 1219 1121 1218 
2373 1220 1123 1122 
2374 1220 1122 1219 
2375 1221 1124 1123 
2376 1221 1123 1220 
2377 1223 1212 1118 
2378 1223 1118 1128 
2379 1223 1128 1127 
2380 1223 1127 1222 
2381 1224 1213 1212 
2382 1224 1212 1223 
2383 1225 1214 1213 
2384 1225 1213 1224 
2385 1226 1215 1214 
2386 1226 1214 1225 
2387 1228 1130 1124 
2388 1228 1124 1221 
2389 1228 1221 1220 
2390 1228 1220 1227 
2391 1229 1131 1130 
2392 1229 1130 1228 
2393 1231 1222 1127 
2394 1231 1127 1135 
2395 1231 1135 1134 
2396 1231 1134 1230 
2397 1232 1223 1222 
2398 1232 1222 1231 
2399 1233 1224 1223 
2400 1233 1223 1232 
2401 1234 1137 1131 
2402 1234 1131 1229 
2403 1236 1230 1134 
2404 1236 1134 1140 
2405 1237 1231 1230 
2406 1237 1230 1236 
2407 1238 1232 1231 
2408 1238 1231 1237 
2409 1239 1141 1137 
2410 1239 1137 1234 
2411 1240 1142 1141 
2412 1240 1141 1239 
2413 1240 1239 1234 
2414 1240 1234 1235 
2415 1242 1236 1140 
2416 1242 1140 1145 
2417 1242 1145 1144 
2418 1242 1144 1241 
2419 1243 1237 1236 
2420 1243 1236 1242 
2421 1244 1238 1237 
2422 1244 1237 1243 
2423 1245 1146 1142 
2424 1245 1142 1240 
2425 1247 1241 1144 
2426 1247 1144 1149 
2427 1248 1242 1241 
2428 1248 1241 1247 
2429 1249 1243 1242 
2430 1249 1242 1248 
2431 1250 1150 1146 
2432 1250 1146 1245 
2433 1251 1151 1150 
2434 1251 1150 1250 
2435 1251 1250 1245 
2436 1251 1245 1246 
2437 1252 1247 1149 
2438 1252 1149 1154 
2439 1253 1248 1247 
2440 1253 1247 1252 
2441 1254 1249 1248 
2442 1254 1248 1253 
2443 1255 1156 1151 
2444 1255 1151 1251 
2445 1256 1252 1154 
2446 1256 1154 1159 
2447 1257 1253 1252 
2448 1257 1252 1256 
2449 1258 1254 1253 
2450 1258 1253 1257 
2451 1259 1161 1156 
2452 1259 1156 1255 
2453 1260 1256 1159 
2454 1260 1159 1164 
2455 1261 1257 1256 
2456 1261 1256 1260 
2457 1262 1258 1257 
2458 1262 1257 1261 
2459 1264 1166 1161 
2460 1264 1161 1259 
2461 1264 1263 1165 
2462 1264 1165 1166 
2463 1265 1260 1164 
2464 1265 1164 1168 
2465 1266 1265 1168 
2466 1266 1168 1169 
2467 1266 1261 1260 
2468 1266 1260 1265 
2469 1267 1262 1261 
2470 1267 1261 1266 
2471 1269 1170 1165 
2472 1269 1165 1263 
2473 1270 1269 1263 
2474 1270 1263 1264 
2475 1271 1266 1169 
2476 1271 1169 1173 
2477 1272 1267 1266 
2478 1272 1266 1271 
2479 1273 1268 1267 
2480 1273 1267 1272 
2481 1274 1175 1170 
2482 1274 1170 1269 
2483 1275 1271 1173 
2484 1275 1173 1178 
2485 1276 1275 1178 
2486 1276 1178 1179 
2487 1276 1272 1271 
2488 1276 1271 1275 
2489 1277 1273 1272 
2490 1277 1272 1276 
2491 1280 1181 1175 
2492 1280 1175 1274 
2493 1280 1279 1180 
2494 1280 1180 1181 
2495 1281 1276 1179 
2496 1281 1179 1184 
2497 1282 1281 1184 
2498 1282 1184 1185 
2499 1282 1277 1276 
2500 1282 1276 1281 
2501 1283 1278 1277 
2502 1283 1277 1282 
2503 1288 1187 1180 
2504 1288 1180 1279 
2505 1288 1287 1186 
2506 1288 1186 1187 
2507 1289 1282 1185 
2508 1289 1185 1190 
2509 1290 1289 1190 
2510 1290 1190 1191 
2511 1290 1283 1282 
2512 1290 1282 1289 
2513 1291 1290 1191 
2514 1291 1191 1192 
2515 1291 1284 1283 
2516 1291 1283 1290 
2517 1292 1285 1284 
2518 1292 1284 1291 
2519 1297 1296 1193 
2520 1297 1193 1194 
2521 1298 1195 1186 
2522 1298 1186 1287 
2523 1298 1297 1194 
2524 1298 1194 1195 
2525 1298 1287 1286 
2526 1298 1286 1297 
2527 1299 1291 1192 
2528 1299 1192 1199 
2529 1300 1299 1199 
2530 1300 1199 1200 
2531 1300 1292 1291 
2532 1300 1291 1299 
2533 1301 1300 1200 
2534 1301 1200 1201 
2535 1301 1293 1292 
2536 1301 1292 1300 
2537 1302 1301 1201 
2538 1302 1201 1202 
2539 1302 1294 1293 
2540 1302 1293 1301 
2541 1303 1302 1202 
2542 1303 1202 1203 
2543 1303 1295 1294 
2544 1303 1294 1302 
2545 1304 1204 1193 
2546 1304 1193 1296 
2547 1304 1303 1203 
2548 1304 1203 1204 
2549 1304 1296 1295 
2550 1304 1295 1303 
2551 1306 1216 1215 
2552 1306 1215 1305 
2553 1307 1217 1216 
2554 1307 1216 1306 
2555 1308 1218 1217 
2556 1308 1217 1307 
2557 1309 1219 1218 
2558 1309 1218 1308 
2559 1310 1220 1219 
2560 1310 1219 1309 
2561 1312 1225 1224 
2562 1312 1224 1311 
2563 1313 1305 1215 
2564 1313 1215 1226 
2565 1313 1226 1225 
2566 1313 1225 1312 
2567 1314 1306 1305 
2568 1314 1305 1313 
2569 1315 1307 1306 
2570 1315 1306 1314 
2571 1316 1308 1307 
2572 1316 1307 1315 
2573 1317 1309 1308 
2574 1317 1308 1316 
2575 1318 1227 1220 
2576 1318 1220 1310 
2577 1318 1310 1309 
2578 1318 1309 1317 
2579 1319 1228 1227 
2580 1319 1227 1318 
2581 1320 1229 1228 
2582 1320 1228 1319 
2583 1322 1311 1224 
2584 1322 1224 1233 
2585 1322 1233 1232 
2586 1322 1232 1321 
2587 1323 1312 1311 
2588 1323 1311 1322 
2589 1324 1313 1312 
2590 1324 1312 1323 
2591 1325 1314 1313 
2592 1325 1313 1324 
2593 1326 1315 1314 
2594 1326 1314 1325 
2595 1328 1234 1229 
2596 1328 1229 1320 
2597 1328 1320 1319 
2598 1328 1319 1327 
2599 1329 1235 1234 
2600 1329 1234 1328 
2601 1330 1321 1232 
2602 1330 1232 1238 
2603 1331 1322 1321 
2604 1331 1321 1330 
2605 1332 1323 1322 
2606 1332 1322 1331 
2607 1333 1324 1323 
2608 1333 1323 1332 
2609 1334 1240 1235 
2610 1334 1235 1329 
2611 1337 1330 1238 
2612 1337 1238 1244 
2613 1337 1244 1243 
2614 1337 1243 1336 
2615 1338 1331 1330 
2616 1338 1330 1337 
2617 1339 1332 1331 
2618 1339 1331 1338 
2619 1340 1245 1240 
2620 1340 1240 1334 
2621 1341 1246 1245 
2622 1341 1245 1340 
2623 1341 1340 1334 
2624 1341 1334 1335 
2625 1342 1336 1243 
2626 1342 1243 1249 
2627 1343 1337 1336 
2628 1343 1336 1342 
2629 1344 1338 1337 
2630 1344 1337 1343 
2631 1345 1339 1338 
2632 1345 1338 1344 
2633 1346 1251 1246 
2634 1346 1246 1341 
2635 1347 1342 1249 
2636 1347 1249 1254 
2637 1348 1343 1342 
2638 1348 1342 1347 
2639 1349 1344 1343 
2640 1349 1343 1348 
2641 1350 1345 1344 
2642 1350 1344 1349 
2643 1351 1255 1251 
2644 1351 1251 1346 
2645 1352 1347 1254 
2646 1352 1254 1258 
2647 1353 1348 1347 
2648 1353 1347 1352 
2649 1354 1349 1348 
2650 1354 1348 1353 
2651 1356 1259 1255 
2652 1356 1255 1351 
2653 1357 1352 1258 
2654 1357 1258 1262 
2655 1358 1353 1352 
2656 1358 1352 1357 
2657 1359 1354 1353 
2658 1359 1353 1358 
2659 1360 1355 1354 
2660 1360 1354 1359 
2661 1361 1264 1259 
2662 1361 1259 1356 
2663 1362 1357 1262 
2664 1362 1262 1267 
2665 1363 1362 1267 
2666 1363 1267 1268 
2667 1363 1358 1357 
2668 1363 1357 1362 
2669 1364 1359 1358 
2670 1364 1358 1363 
2671 1365 1360 1359 
2672 1365 1359 1364 
2673 1367 1270 1264 
2674 1367 1264 1361 
2675 1367 1366 1269 
2676 1367 1269 1270 
2677 1368 1363 1268 
2678 1368 1268 1273 
2679 1369 1364 1363 
2680 1369 1363 1368 
2681 1370 1365 1364 
2682 1370 1364 1369 
2683 1372 1274 1269 
2684 1372 1269 1366 
2685 1373 1372 1366 
2686 1373 1366 1367 
2687 1374 1368 1273 
2688 1374 1273 1277 
2689 1375 1374 1277 
2690 1375 1277 1278 
2691 1375 1369 1368 
2692 1375 1368 1374 
2693 1376 1370 1369 
2694 1376 1369 1375 
2695 1377 1371 1370 
2696 1377 1370 1376 
2697 1381 1280 1274 
2698 1381 1274 1372 
2699 1381 1380 1279 
2700 1381 1279 1280 
2701 1382 1375 1278 
2702 1382 1278 1283 
2703 1383 1382 1283 
2704 1383 1283 1284 
2705 1383 1376 1375 
2706 1383 1375 1382 
2707 1384 1383 1284 
2708 1384 1284 1285 
2709 1384 1377 1376 
2710 1384 1376 1383 
2711 1385 1378 1377 
2712 1385 1377 1384 
2713 1390 1389 1286 
2714 1390 1286 1287 
2715 1391 1288 1279 
2716 1391 1279 1380 
2717 1391 1390 1287 
2718 1391 1287 1288 
2719 1391 1380 1379 
2720 1391 1379 1390 
2721 1392 1384 1285 
2722 1392 1285 1292 
2723 1393 1392 1292 
2724 1393 1292 1293 
2725 1393 1385 1384 
2726 1393 1384 1392 
2727 1394 1393 1293 
2728 1394 1293 1294 
2729 1394 1386 1385 
2730 1394 1385 1393 
2731 1395 1394 1294 
2732 1395 1294 1295 
2733 1395 1387 1386 
2734 1395 1386 1394 
2735 1396 1395 1295 
2736 1396 1295 1296 
2737 1396 1388 1387 
2738 1396 1387 1395 
2739 1397 1297 1286 
2740 1397 1286 1389 
2741 1397 1396 1296 
2742 1397 1296 1297 
2743 1397 1389 1388 
2744 1397 1388 1396 
2745 1399 1316 1315 
2746 1399 1315 1398 
2747 1400 1317 1316 
2748 1400 1316 1399 
2749 1401 1318 1317 
2750 1401 1317 1400 
2751 1402 1319 1318 
2752 1402 1318 1401 
2753 1404 1325 1324 
2754 1404 1324 1403 
2755 1405 1398 1315 
2756 1405 1315 1326 
2757 1405 1326 1325 
2758 1405 1325 1404 
2759 1406 1399 1398 
2760 1406 1398 1405 
2761 1407 1400 1399 
2762 1407 1399 1406 
2763 1408 1401 1400 
2764 1408 1400 1407 
2765 1409 1327 1319 
2766 1409 1319 1402 
2767 1409 1402 1401 
2768 1409 1401 1408 
2769 1410 1328 1327 
2770 1410 1327 1409 
2771 1411 1329 1328 
2772 1411 1328 1410 
2773 1413 1403 1324 
2774 1413 1324 1333 
2775 1413 1333 1332 
2776 1413 1332 1412 
2777 1414 1404 1403 
2778 1414 1403 1413 
2779 1415 1405 1404 
2780 1415 1404 1414 
2781 1416 1406 1405 
2782 1416 1405 1415 
2783 1417 1407 1406 
2784 1417 1406 1416 
2785 1418 1408 1407 
2786 1418 1407 1417 
2787 1419 1409 1408 
2788 1419 1408 1418 
2789 1420 1410 1409 
2790 1420 1409 1419 
2791 1421 1334 1329 
2792 1421 1329 1411 
2793 1421 1411 1410 
2794 1421 1410 1420 
2795 1422 1335 1334 
2796 1422 1334 1421 
2797 1423 1412 1332 
2798 1423 1332 1339 
2799 1424 1413 1412 
2800 1424 1412 1423 
2801 1425 1414 1413 
2802 1425 1413 1424 
2803 1426 1415 1414 
2804 1426 1414 1425 
2805 1427 1416 1415 
2806 1427 1415 1426 
2807 1429 1341 1335 
2808 1429 1335 1422 
2809 1429 1422 1421 
2810 1429 1421 1428 
2811 1430 1423 1339 
2812 1430 1339 1345 
2813 1431 1424 1423 
2814 1431 1423 1430 
2815 1432 1425 1424 
2816 1432 1424 1431 
2817 1433 1426 1425 
2818 1433 1425 1432 
2819 1434 1346 1341 
2820 1434 1341 1429 
2821 1436 1430 1345 
2822 1436 1345 1350 
2823 1436 1350 1349 
2824 1436 1349 1435 
2825 1437 1431 1430 
2826 1437 1430 1436 
2827 1438 1432 1431 
2828 1438 1431 1437 
2829 1439 1433 1432 
2830 1439 1432 1438 
2831 1440 1351 1346 
2832 1440 1346 1434 
2833 1441 1435 1349 
2834 1441 1349 1354 
2835 1442 1441 1354 
2836 1442 1354 1355 
2837 1442 1436 1435 
2838 1442 1435 1441 
2839 1443 1437 1436 
2840 1443 1436 1442 
2841 1444 1438 1437 
2842 1444 1437 1443 
2843 1445 1439 1438 
2844 1445 1438 1444 
2845 1447 1442 1355 
2846 1447 1355 1360 
2847 1448 1443 1442 
2848 1448 1442 1447 
2849 1449 1444 1443 
2850 1449 1443 1448 
2851 1450 1445 1444 
2852 1450 1444 1449 
2853 1451 1361 1356 
2854 1451 1356 1446 
2855 1452 1447 1360 
2856 1452 1360 1365 
2857 1453 1448 1447 
2858 1453 1447 1452 
2859 1454 1449 1448 
2860 1454 1448 1453 
2861 1455 1450 1449 
2862 1455 1449 1454 
2863 1458 1367 1361 
2864 1458 1361 1451 
2865 1459 1452 1365 
2866 1459 1365 1370 
2867 1460 1459 1370 
2868 1460 1370 1371 
2869 1460 1453 1452 
2870 1460 1452 1459 
2871 1461 1454 1453 
2872 1461 1453 1460 
2873 1462 1455 1454 
2874 1462 1454 1461 
2875 1463 1456 1455 
2876 1463 1455 1462 
2877 1469 1373 1367 
2878 1469 1367 1458 
2879 1469 1468 1372 
2880 1469 1372 1373 
2881 1469 1458 1457 
2882 1469 1457 1468 
2883 1470 1460 1371 
2884 1470 1371 1377 
2885 1471 1470 1377 
2886 1471 1377 1378 
2887 1471 1461 1460 
2888 1471 1460 1470 
2889 1472 1462 1461 
2890 1472 1461 1471 
2891 1473 1463 1462 
2892 1473 1462 1472 
2893 1474 1464 1463 
2894 1474 1463 1473 
2895 1475 1465 1464 
2896 1475 1464 1474 
2897 1477 1476 1379 
2898 1477 1379 1380 
2899 1477 1467 1466 
2900 1477 1466 1476 
2901 1478 1381 1372 
2902 1478 1372 1468 
2903 1478 1477 1380 
2904 1478 1380 1381 
2905 1478 1468 1467 
2906 1478 1467 1477 
2907 1479 1471 1378 
2908 1479 1378 1385 
2909 1480 1479 1385 
2910 1480 1385 1386 
2911 1480 1472 1471 
2912 1480 1471 1479 
2913 1481 1480 1386 
2914 1481 1386 1387 
2915 1481 1473 1472 
2916 1481 1472 1480 
2917 1482 1481 1387 
2918 1482 1387 1388 
2919 1482 1474 1473 
2920 1482 1473 1481 
2921 1483 1482 1388 
2922 1483 1388 1389 
2923 1483 1475 1474 
2924 1483 1474 1482 
2925 1484 1390 1379 
2926 1484 1379 1476 
2927 1484 1483 1389 
2928 1484 1389 1390 
2929 1484 1476 1475 
2930 1484 1475 1483 
2931 1486 1417 1416 
2932 1486 1416 1485 
2933 1487 1418 1417 
2934 1487 1417 1486 
2935 1488 1419 1418 
2936 1488 1418 1487 
2937 1489 1420 1419 
2938 1489 1419 1488 
2939 1490 1421 1420 
2940 1490 1420 1489 
2941 1492 1485 1416 
2942 1492 1416 1427 
2943 1492 1427 1426 
2944 1492 1426 1491 
2945 1493 1486 1485 
2946 1493 1485 1492 
2947 1494 1487 1486 
2948 1494 1486 1493 
2949 1495 1488 1487 
2950 1495 1487 1494 
2951 1496 1489 1488 
2952 1496 1488 1495 
2953 1497 1428 1421 
2954 1497 1421 1490 
2955 1497 1490 1489 
2956 1497 1489 1496 
2957 1498 1429 1428 
2958 1498 1428 1497 
2959 1499 1491 1426 
2960 1499 1426 1433 
2961 1500 1492 1491 
2962 1500 1491 1499 
2963 1501 1493 1492 
2964 1501 1492 1500 
2965 1502 1494 1493 
2966 1502 1493 1501 
2967 1503 1495 1494 
2968 1503 1494 1502 
2969 1504 1496 1495 
2970 1504 1495 1503 
2971 1505 1497 1496 
2972 1505 1496 1504 
2973 1506 1434 1429 
2974 1506 1429 1498 
2975 1506 1498 1497 
2976 1506 1497 1505 
2977 1507 1499 1433 
2978 1507 1433 1439 
2979 1508 1500 1499 
2980 1508 1499 1507 
2981 1509 1501 1500 
2982 1509 1500 1508 
2983 1510 1502 1501 
2984 1510 1501 1509 
2985 1511 1503 1502 
2986 1511 1502 1510 
2987 1512 1504 1503 
2988 1512 1503 1511 
2989 1513 1505 1504 
2990 1513 1504 1512 
2991 1514 1440 1434 
2992 1514 1434 1506 
2993 1514 1506 1505 
2994 1514 1505 1513 
2995 1515 1507 1439 
2996 1515 1439 1445 
2997 1516 1508 1507 
2998 1516 1507 1515 
2999 1517 1509 1508 
3000 1517 1508 1516 
3001 1518 1510 1509 
3002 1518 1509 1517 
3003 1519 1511 1510 
3004 1519 1510 1518 
3005 1520 1512 1511 
3006 1520 1511 1519 
3007 1521 1513 1512 
3008 1521 1512 1520 
3009 1522 1514 1513 
3010 1522 1513 1521 
3011 1523 1515 1445 
3012 1523 1445 1450 
3013 1524 1516 1515 
3014 1524 1515 1523 
3015 1525 1517 1516 
3016 1525 1516 1524 
3017 1526 1518 1517 
3018 1526 1517 1525 
3019 1527 1519 1518 
3020 1527 1518 1526 
3021 1528 1520 1519 
3022 1528 1519 1527 
3023 1529 1521 1520 
3024 1529 1520 1528 
3025 1530 1522 1521 
3026 1530 1521 1529 
3027 1531 1523 1450 
3028 1531 1450 1455 
3029 1532 1531 1455 
3030 1532 1455 1456 
3031 1532 1524 1523 
3032 1532 1523 1531 
3033 1533 1525 1524 
3034 1533 1524 1532 
3035 1534 1526 1525 
3036 1534 1525 1533 
3037 1535 1527 1526 
3038 1535 1526 1534 
3039 1536 1528 1527 
3040 1536 1527 1535 
3041 1537 1529 1528 
3042 1537 1528 1536 
3043 1538 1458 1451 
3044 1538 1451 1530 
3045 1538 1537 1457 
3046 1538 1457 1458 
3047 1538 1530 1529 
3048 1538 1529 1537 
3049 1539 1532 1456 
3050 1539 1456 1463 
3051 1540 1539 1463 
3052 1540 1463 1464 
3053 1540 1533 1532 
3054 1540 1532 1539 
3055 1541 1540 1464 
3056 1541 1464 1465 
3057 1541 1534 1533 
3058 1541 1533 1540 
3059 1542 1535 1534 
3060 1542 1534 1541 
3061 1543 1542 1466 
3062 1543 1466 1467 
3063 1543 1536 1535 
3064 1543 1535 1542 
3065 1544 1468 1457 
3066 1544 1457 1537 
3067 1544 1543 1467 
3068 1544 1467 1468 
3069 1544 1537 1536 
3070 1544 1536 1543 
3071 1545 1541 1465 
3072 1545 1465 1475 
3073 1546 1476 1466 
3074 1546 1466 1542 
3075 1546 1545 1475 
3076 1546 1475 1476 
3077 1546 1542 1541 
3078 1546 1541 1545 
$EndElements
